-- phpMyAdmin SQL Dump
-- version 5.2.1
-- https://www.phpmyadmin.net/
--
-- Host: 127.0.0.1
-- Generation Time: Dec 28, 2024 at 12:59 PM
-- Wersja serwera: 10.4.32-MariaDB
-- Wersja PHP: 8.2.12

SET SQL_MODE = "NO_AUTO_VALUE_ON_ZERO";
START TRANSACTION;
SET time_zone = "+00:00";


/*!40101 SET @OLD_CHARACTER_SET_CLIENT=@@CHARACTER_SET_CLIENT */;
/*!40101 SET @OLD_CHARACTER_SET_RESULTS=@@CHARACTER_SET_RESULTS */;
/*!40101 SET @OLD_COLLATION_CONNECTION=@@COLLATION_CONNECTION */;
/*!40101 SET NAMES utf8mb4 */;

--
-- Database: `gpw data`
--

-- --------------------------------------------------------

--
-- Struktura tabeli dla tabeli `dane`
--

CREATE TABLE `dane` (
  `data` text DEFAULT NULL,
  `tytul_raportu` text DEFAULT NULL,
  `typ_raportu` enum('Bieżący','Półroczny','Kwartalny','Okresowy','Roczny') DEFAULT NULL,
  `kategoria_raportu` enum('ESPI','EBI') DEFAULT NULL,
  `zmiana` double DEFAULT NULL,
  `kurs` double DEFAULT NULL,
  `link` text DEFAULT NULL,
  `Id_firmy` int(11) DEFAULT NULL
) ENGINE=InnoDB DEFAULT CHARSET=utf8mb4 COLLATE=utf8mb4_general_ci;

--
-- Dumping data for table `dane`
--

INSERT INTO `dane` (`data`, `tytul_raportu`, `typ_raportu`, `kategoria_raportu`, `zmiana`, `kurs`, `link`, `Id_firmy`) VALUES
('20-09-2024 21:05:12', 'Powiadomienie o transakcji w trybie art. 19 MAR', 'Bieżący', 'ESPI', 0, 56, 'https://www.gpw.pl/komunikat?geru_id=452770&title=Powiadomienie+o+transakcji+w+trybie+art.+19+MAR', 3),
('19-09-2024 15:41:53', 'Nabycie praw z akcji własnych w związku z rozliczeniem ofert w ramach skupu akcji własnych Spółki', 'Bieżący', 'ESPI', 0, 56, 'https://www.gpw.pl/komunikat?geru_id=452663&title=Nabycie+praw+z+akcji+w%C5%82asnych+w+zwi%C4%85zku+z+rozliczeniem+ofert+w+ramach+skupu+akcji+w%C5%82asnych+Sp%C3%B3%C5%82ki', 3),
('17-09-2024 17:09:42', 'Zakończenie przyjmowania ofert w ramach skupu akcji własnych Spółki; informacja o liczbie akcji przeznaczonych do nabycia oraz planowanym terminie rozliczenia transakcji', 'Bieżący', 'ESPI', 0, 56, 'https://www.gpw.pl/komunikat?geru_id=452539&title=Zako%C5%84czenie+przyjmowania+ofert+w+ramach+skupu+akcji+w%C5%82asnych+Sp%C3%B3%C5%82ki%3B+informacja+o+liczbie+akcji+przeznaczonych+do+nabycia+oraz+planowanym+terminie+rozliczenia+transakcji', 3),
('03-09-2024 18:04:31', 'Ogłoszenie zaproszenia do składania ofert sprzedaży akcji Asseco Business Solutions S.A.', 'Bieżący', 'ESPI', 0, 56, 'https://www.gpw.pl/komunikat?geru_id=451921&title=Og%C5%82oszenie+zaproszenia+do+sk%C5%82adania+ofert+sprzeda%C5%BCy+akcji+Asseco+Business+Solutions+S.A.', 3),
('27-08-2024 17:11:05', 'UNTITLED Półroczny REPORT', 'Półroczny', 'ESPI', 0.41, 86.2, 'https://www.gpw.pl/komunikat?geru_id=451409', 3),
('05-08-2024 17:09:08', 'Powiadomienie o transakcjach c', 'Bieżący', 'ESPI', 0, 56, 'https://www.gpw.pl/komunikat?geru_id=450580&title=Powiadomienie+o+transakcjach+c', 3),
('02-08-2024 17:12:31', 'UNTITLED Półroczny REPORT', 'Półroczny', 'ESPI', 0.2, 49.9, 'https://www.gpw.pl/komunikat?geru_id=450511', 3),
('01-08-2024 17:40:16', 'UNTITLED Półroczny REPORT', 'Półroczny', 'ESPI', 0, 56, 'https://www.gpw.pl/komunikat?geru_id=450441', 3),
('29-07-2024 20:53:30', 'Ustalenie tekstu jednolitego Statutu Asseco Business Solutions S.A.', 'Bieżący', 'ESPI', 0, 56, 'https://www.gpw.pl/komunikat?geru_id=450238&title=Ustalenie+tekstu+jednolitego+Statutu+Asseco+Business+Solutions+S.A.', 3),
('26-07-2024 15:56:46', 'Rejestracja zmian statutu Spółki', 'Bieżący', 'ESPI', 0, 56, 'https://www.gpw.pl/komunikat?geru_id=450148&title=Rejestracja+zmian+statutu+Sp%C3%B3%C5%82ki', 3),
('25-07-2024 17:51:22', 'Informacja o szacunkowych wybranych wynikach finansowych za I półrocze 2024 roku', 'Bieżący', 'ESPI', 0.2, 49.9, 'https://www.gpw.pl/komunikat?geru_id=450083&title=Informacja+o+szacunkowych+wybranych+wynikach+finansowych+za+I+p%C3%B3%C5%82rocze+2024+roku', 3),
('25-07-2024 15:55:47', 'Wykaz Akcjonariuszy reprezentujących ponad 5% głosów na NWZ Asseco Business Solutions S.A.', 'Bieżący', 'ESPI', 0, 56, 'https://www.gpw.pl/komunikat?geru_id=450071&title=Wykaz+Akcjonariuszy+reprezentuj%C4%85cych+ponad+5%25+g%C5%82os%C3%B3w+na+NWZ+Asseco+Business+Solutions+S.A.', 3),
('25-07-2024 15:54:46', 'Powołanie Członka Rady Nadzorczej Asseco Business Solutions S.A.', 'Bieżący', 'ESPI', 0, 56, 'https://www.gpw.pl/komunikat?geru_id=450070&title=Powo%C5%82anie+Cz%C5%82onka+Rady+Nadzorczej+Asseco+Business+Solutions+S.A.', 3),
('25-07-2024 15:51:45', 'Treść uchwał podjętych przez Nadzwyczajne Walne Zgromadzenie Asseco Business Solutions S.A. w dniu 25 lipca 2024 r.', 'Bieżący', 'ESPI', 0, 56, 'https://www.gpw.pl/komunikat?geru_id=450068&title=Tre%C5%9B%C4%87+uchwa%C5%82+podj%C4%99tych+przez+Nadzwyczajne+Walne+Zgromadzenie+Asseco+Business+Solutions+S.A.+w+dniu+25+lipca+2024+r.', 3),
('10-07-2024 16:11:23', 'Informacja o kandydacie do Rady Nadzorczej Asseco Business Solutions S.A.', 'Bieżący', 'ESPI', 0, 56, 'https://www.gpw.pl/komunikat?geru_id=447142&title=Informacja+o+kandydacie+do+Rady+Nadzorczej+Asseco+Business+Solutions+S.A.', 3),
('01-07-2024 18:37:57', 'Zawarcie ramowej umowy nabycia udziałów przez spółkę zależną - Payten Holding S.A. - w spółkach Paygate India Private Limited w Indiach oraz Paygate Limited w Zjednoczonych Emiratach Arabskich (Emirat Dubaj)', 'Bieżący', 'ESPI', 0.2, 49.9, 'https://www.gpw.pl/komunikat?geru_id=444827&title=Zawarcie+ramowej+umowy+nabycia+udzia%C5%82%C3%B3w+przez+sp%C3%B3%C5%82k%C4%99+zale%C5%BCn%C4%85+-+Payten+Holding+S.A.+-+w+sp%C3%B3%C5%82kach+Paygate+India+Private+Limited+w+Indiach+oraz+Paygate+Limited+w+Zjednoczonych+Emiratach+Arabskich+Emirat+Dubaj', 3),
('01-07-2024 16:01:26', 'Informacja o transakcjach w trybie art. 19 MAR', 'Bieżący', 'ESPI', 0.2, 49.9, 'https://www.gpw.pl/komunikat?geru_id=444805&title=Informacja+o+transakcjach+w+trybie+art.+19+MAR', 3),
('28-06-2024 16:08:12', 'Ogłoszenie Zarządu Asseco Business Solutions o zwołaniu Nadzwyczajnego Walnego Zgromadzenia', 'Bieżący', 'ESPI', 0, 56, 'https://www.gpw.pl/komunikat?geru_id=444596&title=Og%C5%82oszenie+Zarz%C4%85du+Asseco+Business+Solutions+o+zwo%C5%82aniu+Nadzwyczajnego+Walnego+Zgromadzenia', 3),
('27-06-2024 16:56:45', 'Wykaz Akcjonariuszy reprezentujących ponad 5% głosów na ZWZ Asseco Business Solutions S.A.', 'Bieżący', 'ESPI', 0, 56, 'https://www.gpw.pl/komunikat?geru_id=444425&title=Wykaz+Akcjonariuszy+reprezentuj%C4%85cych+ponad+5%25+g%C5%82os%C3%B3w+na+ZWZ+Asseco+Business+Solutions+S.A.', 3),
('27-06-2024 16:55:43', 'Podjęcie przez Zwyczajne Walne Zgromadzenie Asseco Business Solutions S.A. \nuchwały w przedmiocie wypłaty dywidendy', 'Bieżący', 'ESPI', 0, 56, 'https://www.gpw.pl/komunikat?geru_id=444424&title=Podj%C4%99cie+przez+Zwyczajne+Walne+Zgromadzenie+Asseco+Business+Solutions+S.A.+%0Auchwa%C5%82y+w+przedmiocie+wyp%C5%82aty+dywidendy', 3),
('11-10-2024 23:53:08', 'Podpisanie aneksu do porozumienia z 13 instytucjami finansujńÖcymi Grupńô Azoty', '', 'ESPI', 3.64, 19.65, 'https://www.gpw.pl/komunikat?geru_id=453966&title=Podpisanie+aneksu+do+porozumienia+z+13+instytucjami+finansuj%C4%85cymi+Grup%C4%99+Azoty', 1),
('01-10-2024 17:31:16', 'Podpisanie umowy zmieniajńÖcej do umowy stabilizacyjnej przez sp√≥Ňākńô zaleŇľnńÖ', '', 'ESPI', 3.64, 19.65, 'https://www.gpw.pl/komunikat?geru_id=453424&title=Podpisanie+umowy+zmieniaj%C4%85cej+do+umowy+stabilizacyjnej+przez+sp%C3%B3%C5%82k%C4%99+zale%C5%BCn%C4%85', 1),
('26-09-2024 16:53:55', 'Grupa Azoty Sp√≥Ňāka Akcyjna Raport dotyczńÖcy incydentalnego naruszenia Dobrych Praktyk', '', 'EBI', 3.64, 19.65, 'https://www.gpw.pl/komunikat?geru_id=453080&title=Grupa+Azoty+Sp%C3%B3%C5%82ka+Akcyjna+Raport+dotycz%C4%85cy+incydentalnego+naruszenia+Dobrych+Praktyk', 1),
('26-09-2024 16:48:26', 'Wykaz akcjonariuszy posiadajńÖcych co najmniej 5% liczby gŇāos√≥w na Nadzwyczajnym Walnym Zgromadzeniu Sp√≥Ňāki Grupa Azoty S.A. w dniu 26 wrzeŇõnia 2024 roku', '', 'ESPI', 3.64, 19.65, 'https://www.gpw.pl/komunikat?geru_id=453079&title=Wykaz+akcjonariuszy+posiadaj%C4%85cych+co+najmniej+5%25+liczby+g%C5%82os%C3%B3w+na+Nadzwyczajnym+Walnym+Zgromadzeniu+Sp%C3%B3%C5%82ki+Grupa+Azoty+S.A.+w+dniu+26+wrze%C5%9Bnia+2024+roku', 1),
('26-09-2024 16:46:44', 'UchwaŇāy bńôdńÖce przedmiotem obrad Nadzwyczajnego Walnego Zgromadzenia sp√≥Ňāki Grupa Azoty S.A. w dniu 26 wrzeŇõnia 2024 roku', '', 'ESPI', 3.64, 19.65, 'https://www.gpw.pl/komunikat?geru_id=453077&title=Uchwa%C5%82y+b%C4%99d%C4%85ce+przedmiotem+obrad+Nadzwyczajnego+Walnego+Zgromadzenia+sp%C3%B3%C5%82ki+Grupa+Azoty+S.A.+w+dniu+26+wrze%C5%9Bnia+2024+roku', 1),
('23-09-2024 18:10:34', 'ZgŇāoszenie projektu uchwaŇāy NWZ przez akcjonariusza', '', 'ESPI', 3.64, 19.65, 'https://www.gpw.pl/komunikat?geru_id=452844&title=Zg%C5%82oszenie+projektu+uchwa%C5%82y+NWZ+przez+akcjonariusza', 1),
('12-09-2024 08:00:34', 'Podpisanie listu intencyjnego pomińôdzy sp√≥Ňākami Grupy Azoty a ORLEN S.A.', '', 'ESPI', 3.64, 19.65, 'https://www.gpw.pl/komunikat?geru_id=452319&title=Podpisanie+listu+intencyjnego+pomi%C4%99dzy+sp%C3%B3%C5%82kami+Grupy+Azoty+a+ORLEN+S.A.', 1),
('11-09-2024 17:57:37', 'UNTITLED P√≥Ňāroczny REPORT', '', 'ESPI', 3.64, 19.65, 'https://www.gpw.pl/komunikat?geru_id=452301', 1),
('09-09-2024 16:00:29', 'OdstńÖpienie od stosowania wybranych warunk√≥w Um√≥w o Finansowanie Grupy Azoty', '', 'ESPI', 3.64, 19.65, 'https://www.gpw.pl/komunikat?geru_id=452161&title=Odst%C4%85pienie+od+stosowania+wybranych+warunk%C3%B3w+Um%C3%B3w+o+Finansowanie+Grupy+Azoty', 1),
('06-09-2024 22:50:06', 'ZŇāoŇľenie przez Generalnego Wykonawcńô dw√≥ch propozycji zmian do umowy realizacji projektu Polimery Police', '', 'ESPI', 3.64, 19.65, 'https://www.gpw.pl/komunikat?geru_id=452114&title=Z%C5%82o%C5%BCenie+przez+Generalnego+Wykonawc%C4%99+dw%C3%B3ch+propozycji+zmian+do+umowy+realizacji+projektu+Polimery+Police', 1),
('30-08-2024 19:35:11', 'UzupeŇānienie dokument√≥w kierowanych na Nadzwyczajne Walne Zgromadzenie sp√≥Ňāki Grupa Azoty S.A. zwoŇāane na dzieŇĄ 26 wrzeŇõnia 2024 roku', '', 'ESPI', 3.64, 19.65, 'https://www.gpw.pl/komunikat?geru_id=451679&title=Uzupe%C5%82nienie+dokument%C3%B3w+kierowanych+na+Nadzwyczajne+Walne+Zgromadzenie+sp%C3%B3%C5%82ki+Grupa+Azoty+S.A.+zwo%C5%82ane+na+dzie%C5%84+26+wrze%C5%9Bnia+2024+roku', 1),
('30-08-2024 18:23:48', 'WydŇāuŇľenie okresu obowińÖzywania umowy stabilizacyjnej sp√≥Ňāki zaleŇľnej', '', 'ESPI', 3.64, 19.65, 'https://www.gpw.pl/komunikat?geru_id=451670&title=Wyd%C5%82u%C5%BCenie+okresu+obowi%C4%85zywania+umowy+stabilizacyjnej+sp%C3%B3%C5%82ki+zale%C5%BCnej', 1),
('30-08-2024 17:04:00', 'Projekty uchwaŇā  Nadzwyczajnego Walnego Zgromadzenia Grupy Azoty S.A. zwoŇāanego na dzieŇĄ 26 wrzeŇõnia 2024 roku', '', 'ESPI', 3.64, 19.65, 'https://www.gpw.pl/komunikat?geru_id=451652&title=Projekty+uchwa%C5%82+Nadzwyczajnego+Walnego+Zgromadzenia+Grupy+Azoty+S.A.+zwo%C5%82anego+na+dzie%C5%84+26+wrze%C5%9Bnia+2024+roku', 1),
('30-08-2024 16:59:58', 'ZwoŇāanie Nadzwyczajnego Walnego Zgromadzenia Grupy Azoty S.A. na dzieŇĄ 26 wrzeŇõnia 2024 roku', '', 'ESPI', 3.64, 19.65, 'https://www.gpw.pl/komunikat?geru_id=451651&title=Zwo%C5%82anie+Nadzwyczajnego+Walnego+Zgromadzenia+Grupy+Azoty+S.A.+na+dzie%C5%84+26+wrze%C5%9Bnia+2024+roku', 1),
('29-08-2024 14:20:37', 'Informacja o zamiarze wypowiedzenia ZakŇāadowego UkŇāadu Zbiorowego Pracy dla Pracownik√≥w sp√≥Ňāki zaleŇľnej', '', 'ESPI', 3.64, 19.65, 'https://www.gpw.pl/komunikat?geru_id=451538&title=Informacja+o+zamiarze+wypowiedzenia+Zak%C5%82adowego+Uk%C5%82adu+Zbiorowego+Pracy+dla+Pracownik%C3%B3w+sp%C3%B3%C5%82ki+zale%C5%BCnej', 1),
('27-08-2024 18:52:28', 'Wyniki rozm√≥w o czasowym zawieszeniu stosowania czńôŇõci zapis√≥w ZakŇāadowych UkŇāad√≥w Zbiorowych Pracy w Grupie Azoty - korekta', '', 'ESPI', 3.64, 19.65, 'https://www.gpw.pl/komunikat?geru_id=451417&title=Wyniki+rozm%C3%B3w+o+czasowym+zawieszeniu+stosowania+cz%C4%99%C5%9Bci+zapis%C3%B3w+Zak%C5%82adowych+Uk%C5%82ad%C3%B3w+Zbiorowych+Pracy+w+Grupie+Azoty+-+korekta', 1),
('26-08-2024 22:23:56', 'Wyniki rozm√≥w o czasowym zawieszeniu stosowania czńôŇõci zapis√≥w ZakŇāadowych UkŇāad√≥w Zbiorowych Pracy w Grupie Azoty', '', 'ESPI', 3.64, 19.65, 'https://www.gpw.pl/komunikat?geru_id=451371&title=Wyniki+rozm%C3%B3w+o+czasowym+zawieszeniu+stosowania+cz%C4%99%C5%9Bci+zapis%C3%B3w+Zak%C5%82adowych+Uk%C5%82ad%C3%B3w+Zbiorowych+Pracy+w+Grupie+Azoty', 1),
('26-08-2024 12:03:16', 'Szacunkowe wybrane skonsolidowane wyniki finansowe Grupy KapitaŇāowej Grupa Azoty za II kwartaŇā 2024 roku oraz za I p√≥Ňārocze 2024 roku', '', 'ESPI', 3.64, 19.65, 'https://www.gpw.pl/komunikat?geru_id=451342&title=Szacunkowe+wybrane+skonsolidowane+wyniki+finansowe+Grupy+Kapita%C5%82owej+Grupa+Azoty+za+II+kwarta%C5%82+2024+roku+oraz+za+I+p%C3%B3%C5%82rocze+2024+roku', 1),
('06-08-2024 14:03:01', 'Podpisanie umowy zmieniajńÖcej do umowy stabilizacyjnej przez sp√≥Ňākńô zaleŇľnńÖ', '', 'ESPI', 3.64, 19.65, 'https://www.gpw.pl/komunikat?geru_id=450620&title=Podpisanie+umowy+zmieniaj%C4%85cej+do+umowy+stabilizacyjnej+przez+sp%C3%B3%C5%82k%C4%99+zale%C5%BCn%C4%85', 1),
('31-07-2024 23:55:16', 'Podpisanie aneksu do porozumienia z 13 instytucjami finansujńÖcymi Grupńô Azoty', '', 'ESPI', 3.64, 19.65, 'https://www.gpw.pl/komunikat?geru_id=450388&title=Podpisanie+aneksu+do+porozumienia+z+13+instytucjami+finansuj%C4%85cymi+Grup%C4%99+Azoty', 1),
('11-10-2024 23:53:08', 'Podpisanie aneksu do porozumienia z 13 instytucjami finansujńÖcymi Grupńô Azoty', '', 'ESPI', 3.64, 19.65, 'https://www.gpw.pl/komunikat?geru_id=453966&title=Podpisanie+aneksu+do+porozumienia+z+13+instytucjami+finansuj%C4%85cymi+Grup%C4%99+Azoty', 1),
('01-10-2024 17:31:16', 'Podpisanie umowy zmieniajńÖcej do umowy stabilizacyjnej przez sp√≥Ňākńô zaleŇľnńÖ', '', 'ESPI', 3.64, 19.65, 'https://www.gpw.pl/komunikat?geru_id=453424&title=Podpisanie+umowy+zmieniaj%C4%85cej+do+umowy+stabilizacyjnej+przez+sp%C3%B3%C5%82k%C4%99+zale%C5%BCn%C4%85', 1),
('26-09-2024 16:53:55', 'Grupa Azoty Sp√≥Ňāka Akcyjna Raport dotyczńÖcy incydentalnego naruszenia Dobrych Praktyk', '', 'EBI', 3.64, 19.65, 'https://www.gpw.pl/komunikat?geru_id=453080&title=Grupa+Azoty+Sp%C3%B3%C5%82ka+Akcyjna+Raport+dotycz%C4%85cy+incydentalnego+naruszenia+Dobrych+Praktyk', 1),
('26-09-2024 16:48:26', 'Wykaz akcjonariuszy posiadajńÖcych co najmniej 5% liczby gŇāos√≥w na Nadzwyczajnym Walnym Zgromadzeniu Sp√≥Ňāki Grupa Azoty S.A. w dniu 26 wrzeŇõnia 2024 roku', '', 'ESPI', 3.64, 19.65, 'https://www.gpw.pl/komunikat?geru_id=453079&title=Wykaz+akcjonariuszy+posiadaj%C4%85cych+co+najmniej+5%25+liczby+g%C5%82os%C3%B3w+na+Nadzwyczajnym+Walnym+Zgromadzeniu+Sp%C3%B3%C5%82ki+Grupa+Azoty+S.A.+w+dniu+26+wrze%C5%9Bnia+2024+roku', 1),
('26-09-2024 16:46:44', 'UchwaŇāy bńôdńÖce przedmiotem obrad Nadzwyczajnego Walnego Zgromadzenia sp√≥Ňāki Grupa Azoty S.A. w dniu 26 wrzeŇõnia 2024 roku', '', 'ESPI', 3.64, 19.65, 'https://www.gpw.pl/komunikat?geru_id=453077&title=Uchwa%C5%82y+b%C4%99d%C4%85ce+przedmiotem+obrad+Nadzwyczajnego+Walnego+Zgromadzenia+sp%C3%B3%C5%82ki+Grupa+Azoty+S.A.+w+dniu+26+wrze%C5%9Bnia+2024+roku', 1),
('23-09-2024 18:10:34', 'ZgŇāoszenie projektu uchwaŇāy NWZ przez akcjonariusza', '', 'ESPI', 3.64, 19.65, 'https://www.gpw.pl/komunikat?geru_id=452844&title=Zg%C5%82oszenie+projektu+uchwa%C5%82y+NWZ+przez+akcjonariusza', 1),
('12-09-2024 08:00:34', 'Podpisanie listu intencyjnego pomińôdzy sp√≥Ňākami Grupy Azoty a ORLEN S.A.', '', 'ESPI', 3.64, 19.65, 'https://www.gpw.pl/komunikat?geru_id=452319&title=Podpisanie+listu+intencyjnego+pomi%C4%99dzy+sp%C3%B3%C5%82kami+Grupy+Azoty+a+ORLEN+S.A.', 1),
('11-09-2024 17:57:37', 'UNTITLED P√≥Ňāroczny REPORT', '', 'ESPI', 3.64, 19.65, 'https://www.gpw.pl/komunikat?geru_id=452301', 1),
('09-09-2024 16:00:29', 'OdstńÖpienie od stosowania wybranych warunk√≥w Um√≥w o Finansowanie Grupy Azoty', '', 'ESPI', 3.64, 19.65, 'https://www.gpw.pl/komunikat?geru_id=452161&title=Odst%C4%85pienie+od+stosowania+wybranych+warunk%C3%B3w+Um%C3%B3w+o+Finansowanie+Grupy+Azoty', 1),
('06-09-2024 22:50:06', 'ZŇāoŇľenie przez Generalnego Wykonawcńô dw√≥ch propozycji zmian do umowy realizacji projektu Polimery Police', '', 'ESPI', 3.64, 19.65, 'https://www.gpw.pl/komunikat?geru_id=452114&title=Z%C5%82o%C5%BCenie+przez+Generalnego+Wykonawc%C4%99+dw%C3%B3ch+propozycji+zmian+do+umowy+realizacji+projektu+Polimery+Police', 1),
('30-08-2024 19:35:11', 'UzupeŇānienie dokument√≥w kierowanych na Nadzwyczajne Walne Zgromadzenie sp√≥Ňāki Grupa Azoty S.A. zwoŇāane na dzieŇĄ 26 wrzeŇõnia 2024 roku', '', 'ESPI', 3.64, 19.65, 'https://www.gpw.pl/komunikat?geru_id=451679&title=Uzupe%C5%82nienie+dokument%C3%B3w+kierowanych+na+Nadzwyczajne+Walne+Zgromadzenie+sp%C3%B3%C5%82ki+Grupa+Azoty+S.A.+zwo%C5%82ane+na+dzie%C5%84+26+wrze%C5%9Bnia+2024+roku', 1),
('30-08-2024 18:23:48', 'WydŇāuŇľenie okresu obowińÖzywania umowy stabilizacyjnej sp√≥Ňāki zaleŇľnej', '', 'ESPI', 3.64, 19.65, 'https://www.gpw.pl/komunikat?geru_id=451670&title=Wyd%C5%82u%C5%BCenie+okresu+obowi%C4%85zywania+umowy+stabilizacyjnej+sp%C3%B3%C5%82ki+zale%C5%BCnej', 1),
('30-08-2024 17:04:00', 'Projekty uchwaŇā  Nadzwyczajnego Walnego Zgromadzenia Grupy Azoty S.A. zwoŇāanego na dzieŇĄ 26 wrzeŇõnia 2024 roku', '', 'ESPI', 3.64, 19.65, 'https://www.gpw.pl/komunikat?geru_id=451652&title=Projekty+uchwa%C5%82+Nadzwyczajnego+Walnego+Zgromadzenia+Grupy+Azoty+S.A.+zwo%C5%82anego+na+dzie%C5%84+26+wrze%C5%9Bnia+2024+roku', 1),
('30-08-2024 16:59:58', 'ZwoŇāanie Nadzwyczajnego Walnego Zgromadzenia Grupy Azoty S.A. na dzieŇĄ 26 wrzeŇõnia 2024 roku', '', 'ESPI', 3.64, 19.65, 'https://www.gpw.pl/komunikat?geru_id=451651&title=Zwo%C5%82anie+Nadzwyczajnego+Walnego+Zgromadzenia+Grupy+Azoty+S.A.+na+dzie%C5%84+26+wrze%C5%9Bnia+2024+roku', 1),
('29-08-2024 14:20:37', 'Informacja o zamiarze wypowiedzenia ZakŇāadowego UkŇāadu Zbiorowego Pracy dla Pracownik√≥w sp√≥Ňāki zaleŇľnej', '', 'ESPI', 3.64, 19.65, 'https://www.gpw.pl/komunikat?geru_id=451538&title=Informacja+o+zamiarze+wypowiedzenia+Zak%C5%82adowego+Uk%C5%82adu+Zbiorowego+Pracy+dla+Pracownik%C3%B3w+sp%C3%B3%C5%82ki+zale%C5%BCnej', 1),
('27-08-2024 18:52:28', 'Wyniki rozm√≥w o czasowym zawieszeniu stosowania czńôŇõci zapis√≥w ZakŇāadowych UkŇāad√≥w Zbiorowych Pracy w Grupie Azoty - korekta', '', 'ESPI', 3.64, 19.65, 'https://www.gpw.pl/komunikat?geru_id=451417&title=Wyniki+rozm%C3%B3w+o+czasowym+zawieszeniu+stosowania+cz%C4%99%C5%9Bci+zapis%C3%B3w+Zak%C5%82adowych+Uk%C5%82ad%C3%B3w+Zbiorowych+Pracy+w+Grupie+Azoty+-+korekta', 1),
('26-08-2024 22:23:56', 'Wyniki rozm√≥w o czasowym zawieszeniu stosowania czńôŇõci zapis√≥w ZakŇāadowych UkŇāad√≥w Zbiorowych Pracy w Grupie Azoty', '', 'ESPI', 3.64, 19.65, 'https://www.gpw.pl/komunikat?geru_id=451371&title=Wyniki+rozm%C3%B3w+o+czasowym+zawieszeniu+stosowania+cz%C4%99%C5%9Bci+zapis%C3%B3w+Zak%C5%82adowych+Uk%C5%82ad%C3%B3w+Zbiorowych+Pracy+w+Grupie+Azoty', 1),
('26-08-2024 12:03:16', 'Szacunkowe wybrane skonsolidowane wyniki finansowe Grupy KapitaŇāowej Grupa Azoty za II kwartaŇā 2024 roku oraz za I p√≥Ňārocze 2024 roku', '', 'ESPI', 3.64, 19.65, 'https://www.gpw.pl/komunikat?geru_id=451342&title=Szacunkowe+wybrane+skonsolidowane+wyniki+finansowe+Grupy+Kapita%C5%82owej+Grupa+Azoty+za+II+kwarta%C5%82+2024+roku+oraz+za+I+p%C3%B3%C5%82rocze+2024+roku', 1),
('06-08-2024 14:03:01', 'Podpisanie umowy zmieniajńÖcej do umowy stabilizacyjnej przez sp√≥Ňākńô zaleŇľnńÖ', '', 'ESPI', 3.64, 19.65, 'https://www.gpw.pl/komunikat?geru_id=450620&title=Podpisanie+umowy+zmieniaj%C4%85cej+do+umowy+stabilizacyjnej+przez+sp%C3%B3%C5%82k%C4%99+zale%C5%BCn%C4%85', 1),
('31-07-2024 23:55:16', 'Podpisanie aneksu do porozumienia z 13 instytucjami finansujńÖcymi Grupńô Azoty', '', 'ESPI', 3.64, 19.65, 'https://www.gpw.pl/komunikat?geru_id=450388&title=Podpisanie+aneksu+do+porozumienia+z+13+instytucjami+finansuj%C4%85cymi+Grup%C4%99+Azoty', 1),
('11-10-2024 23:53:08', 'Podpisanie aneksu do porozumienia z 13 instytucjami finansujńÖcymi Grupńô Azoty', '', 'ESPI', 3.64, 19.65, 'https://www.gpw.pl/komunikat?geru_id=453966&title=Podpisanie+aneksu+do+porozumienia+z+13+instytucjami+finansuj%C4%85cymi+Grup%C4%99+Azoty', 1),
('01-10-2024 17:31:16', 'Podpisanie umowy zmieniajńÖcej do umowy stabilizacyjnej przez sp√≥Ňākńô zaleŇľnńÖ', '', 'ESPI', 3.64, 19.65, 'https://www.gpw.pl/komunikat?geru_id=453424&title=Podpisanie+umowy+zmieniaj%C4%85cej+do+umowy+stabilizacyjnej+przez+sp%C3%B3%C5%82k%C4%99+zale%C5%BCn%C4%85', 1),
('26-09-2024 16:53:55', 'Grupa Azoty Sp√≥Ňāka Akcyjna Raport dotyczńÖcy incydentalnego naruszenia Dobrych Praktyk', '', 'EBI', 3.64, 19.65, 'https://www.gpw.pl/komunikat?geru_id=453080&title=Grupa+Azoty+Sp%C3%B3%C5%82ka+Akcyjna+Raport+dotycz%C4%85cy+incydentalnego+naruszenia+Dobrych+Praktyk', 1),
('26-09-2024 16:48:26', 'Wykaz akcjonariuszy posiadajńÖcych co najmniej 5% liczby gŇāos√≥w na Nadzwyczajnym Walnym Zgromadzeniu Sp√≥Ňāki Grupa Azoty S.A. w dniu 26 wrzeŇõnia 2024 roku', '', 'ESPI', 3.64, 19.65, 'https://www.gpw.pl/komunikat?geru_id=453079&title=Wykaz+akcjonariuszy+posiadaj%C4%85cych+co+najmniej+5%25+liczby+g%C5%82os%C3%B3w+na+Nadzwyczajnym+Walnym+Zgromadzeniu+Sp%C3%B3%C5%82ki+Grupa+Azoty+S.A.+w+dniu+26+wrze%C5%9Bnia+2024+roku', 1),
('26-09-2024 16:46:44', 'UchwaŇāy bńôdńÖce przedmiotem obrad Nadzwyczajnego Walnego Zgromadzenia sp√≥Ňāki Grupa Azoty S.A. w dniu 26 wrzeŇõnia 2024 roku', '', 'ESPI', 3.64, 19.65, 'https://www.gpw.pl/komunikat?geru_id=453077&title=Uchwa%C5%82y+b%C4%99d%C4%85ce+przedmiotem+obrad+Nadzwyczajnego+Walnego+Zgromadzenia+sp%C3%B3%C5%82ki+Grupa+Azoty+S.A.+w+dniu+26+wrze%C5%9Bnia+2024+roku', 1),
('23-09-2024 18:10:34', 'ZgŇāoszenie projektu uchwaŇāy NWZ przez akcjonariusza', '', 'ESPI', 3.64, 19.65, 'https://www.gpw.pl/komunikat?geru_id=452844&title=Zg%C5%82oszenie+projektu+uchwa%C5%82y+NWZ+przez+akcjonariusza', 1),
('12-09-2024 08:00:34', 'Podpisanie listu intencyjnego pomińôdzy sp√≥Ňākami Grupy Azoty a ORLEN S.A.', '', 'ESPI', 3.64, 19.65, 'https://www.gpw.pl/komunikat?geru_id=452319&title=Podpisanie+listu+intencyjnego+pomi%C4%99dzy+sp%C3%B3%C5%82kami+Grupy+Azoty+a+ORLEN+S.A.', 1),
('11-09-2024 17:57:37', 'UNTITLED P√≥Ňāroczny REPORT', '', 'ESPI', 3.64, 19.65, 'https://www.gpw.pl/komunikat?geru_id=452301', 1),
('09-09-2024 16:00:29', 'OdstńÖpienie od stosowania wybranych warunk√≥w Um√≥w o Finansowanie Grupy Azoty', '', 'ESPI', 3.64, 19.65, 'https://www.gpw.pl/komunikat?geru_id=452161&title=Odst%C4%85pienie+od+stosowania+wybranych+warunk%C3%B3w+Um%C3%B3w+o+Finansowanie+Grupy+Azoty', 1),
('06-09-2024 22:50:06', 'ZŇāoŇľenie przez Generalnego Wykonawcńô dw√≥ch propozycji zmian do umowy realizacji projektu Polimery Police', '', 'ESPI', 3.64, 19.65, 'https://www.gpw.pl/komunikat?geru_id=452114&title=Z%C5%82o%C5%BCenie+przez+Generalnego+Wykonawc%C4%99+dw%C3%B3ch+propozycji+zmian+do+umowy+realizacji+projektu+Polimery+Police', 1),
('30-08-2024 19:35:11', 'UzupeŇānienie dokument√≥w kierowanych na Nadzwyczajne Walne Zgromadzenie sp√≥Ňāki Grupa Azoty S.A. zwoŇāane na dzieŇĄ 26 wrzeŇõnia 2024 roku', '', 'ESPI', 3.64, 19.65, 'https://www.gpw.pl/komunikat?geru_id=451679&title=Uzupe%C5%82nienie+dokument%C3%B3w+kierowanych+na+Nadzwyczajne+Walne+Zgromadzenie+sp%C3%B3%C5%82ki+Grupa+Azoty+S.A.+zwo%C5%82ane+na+dzie%C5%84+26+wrze%C5%9Bnia+2024+roku', 1),
('30-08-2024 18:23:48', 'WydŇāuŇľenie okresu obowińÖzywania umowy stabilizacyjnej sp√≥Ňāki zaleŇľnej', '', 'ESPI', 3.64, 19.65, 'https://www.gpw.pl/komunikat?geru_id=451670&title=Wyd%C5%82u%C5%BCenie+okresu+obowi%C4%85zywania+umowy+stabilizacyjnej+sp%C3%B3%C5%82ki+zale%C5%BCnej', 1),
('30-08-2024 17:04:00', 'Projekty uchwaŇā  Nadzwyczajnego Walnego Zgromadzenia Grupy Azoty S.A. zwoŇāanego na dzieŇĄ 26 wrzeŇõnia 2024 roku', '', 'ESPI', 3.64, 19.65, 'https://www.gpw.pl/komunikat?geru_id=451652&title=Projekty+uchwa%C5%82+Nadzwyczajnego+Walnego+Zgromadzenia+Grupy+Azoty+S.A.+zwo%C5%82anego+na+dzie%C5%84+26+wrze%C5%9Bnia+2024+roku', 1),
('30-08-2024 16:59:58', 'ZwoŇāanie Nadzwyczajnego Walnego Zgromadzenia Grupy Azoty S.A. na dzieŇĄ 26 wrzeŇõnia 2024 roku', '', 'ESPI', 3.64, 19.65, 'https://www.gpw.pl/komunikat?geru_id=451651&title=Zwo%C5%82anie+Nadzwyczajnego+Walnego+Zgromadzenia+Grupy+Azoty+S.A.+na+dzie%C5%84+26+wrze%C5%9Bnia+2024+roku', 1),
('29-08-2024 14:20:37', 'Informacja o zamiarze wypowiedzenia ZakŇāadowego UkŇāadu Zbiorowego Pracy dla Pracownik√≥w sp√≥Ňāki zaleŇľnej', '', 'ESPI', 3.64, 19.65, 'https://www.gpw.pl/komunikat?geru_id=451538&title=Informacja+o+zamiarze+wypowiedzenia+Zak%C5%82adowego+Uk%C5%82adu+Zbiorowego+Pracy+dla+Pracownik%C3%B3w+sp%C3%B3%C5%82ki+zale%C5%BCnej', 1),
('27-08-2024 18:52:28', 'Wyniki rozm√≥w o czasowym zawieszeniu stosowania czńôŇõci zapis√≥w ZakŇāadowych UkŇāad√≥w Zbiorowych Pracy w Grupie Azoty - korekta', '', 'ESPI', 3.64, 19.65, 'https://www.gpw.pl/komunikat?geru_id=451417&title=Wyniki+rozm%C3%B3w+o+czasowym+zawieszeniu+stosowania+cz%C4%99%C5%9Bci+zapis%C3%B3w+Zak%C5%82adowych+Uk%C5%82ad%C3%B3w+Zbiorowych+Pracy+w+Grupie+Azoty+-+korekta', 1),
('26-08-2024 22:23:56', 'Wyniki rozm√≥w o czasowym zawieszeniu stosowania czńôŇõci zapis√≥w ZakŇāadowych UkŇāad√≥w Zbiorowych Pracy w Grupie Azoty', '', 'ESPI', 3.64, 19.65, 'https://www.gpw.pl/komunikat?geru_id=451371&title=Wyniki+rozm%C3%B3w+o+czasowym+zawieszeniu+stosowania+cz%C4%99%C5%9Bci+zapis%C3%B3w+Zak%C5%82adowych+Uk%C5%82ad%C3%B3w+Zbiorowych+Pracy+w+Grupie+Azoty', 1),
('26-08-2024 12:03:16', 'Szacunkowe wybrane skonsolidowane wyniki finansowe Grupy KapitaŇāowej Grupa Azoty za II kwartaŇā 2024 roku oraz za I p√≥Ňārocze 2024 roku', '', 'ESPI', 3.64, 19.65, 'https://www.gpw.pl/komunikat?geru_id=451342&title=Szacunkowe+wybrane+skonsolidowane+wyniki+finansowe+Grupy+Kapita%C5%82owej+Grupa+Azoty+za+II+kwarta%C5%82+2024+roku+oraz+za+I+p%C3%B3%C5%82rocze+2024+roku', 1),
('06-08-2024 14:03:01', 'Podpisanie umowy zmieniajńÖcej do umowy stabilizacyjnej przez sp√≥Ňākńô zaleŇľnńÖ', '', 'ESPI', 3.64, 19.65, 'https://www.gpw.pl/komunikat?geru_id=450620&title=Podpisanie+umowy+zmieniaj%C4%85cej+do+umowy+stabilizacyjnej+przez+sp%C3%B3%C5%82k%C4%99+zale%C5%BCn%C4%85', 1),
('31-07-2024 23:55:16', 'Podpisanie aneksu do porozumienia z 13 instytucjami finansujńÖcymi Grupńô Azoty', '', 'ESPI', 3.64, 19.65, 'https://www.gpw.pl/komunikat?geru_id=450388&title=Podpisanie+aneksu+do+porozumienia+z+13+instytucjami+finansuj%C4%85cymi+Grup%C4%99+Azoty', 1),
('11-10-2024 23:53:08', 'Podpisanie aneksu do porozumienia z 13 instytucjami finansujńÖcymi Grupńô Azoty', '', 'ESPI', 3.64, 19.65, 'https://www.gpw.pl/komunikat?geru_id=453966&title=Podpisanie+aneksu+do+porozumienia+z+13+instytucjami+finansuj%C4%85cymi+Grup%C4%99+Azoty', 1),
('01-10-2024 17:31:16', 'Podpisanie umowy zmieniajńÖcej do umowy stabilizacyjnej przez sp√≥Ňākńô zaleŇľnńÖ', '', 'ESPI', 3.64, 19.65, 'https://www.gpw.pl/komunikat?geru_id=453424&title=Podpisanie+umowy+zmieniaj%C4%85cej+do+umowy+stabilizacyjnej+przez+sp%C3%B3%C5%82k%C4%99+zale%C5%BCn%C4%85', 1),
('26-09-2024 16:53:55', 'Grupa Azoty Sp√≥Ňāka Akcyjna Raport dotyczńÖcy incydentalnego naruszenia Dobrych Praktyk', '', 'EBI', 3.64, 19.65, 'https://www.gpw.pl/komunikat?geru_id=453080&title=Grupa+Azoty+Sp%C3%B3%C5%82ka+Akcyjna+Raport+dotycz%C4%85cy+incydentalnego+naruszenia+Dobrych+Praktyk', 1),
('26-09-2024 16:48:26', 'Wykaz akcjonariuszy posiadajńÖcych co najmniej 5% liczby gŇāos√≥w na Nadzwyczajnym Walnym Zgromadzeniu Sp√≥Ňāki Grupa Azoty S.A. w dniu 26 wrzeŇõnia 2024 roku', '', 'ESPI', 3.64, 19.65, 'https://www.gpw.pl/komunikat?geru_id=453079&title=Wykaz+akcjonariuszy+posiadaj%C4%85cych+co+najmniej+5%25+liczby+g%C5%82os%C3%B3w+na+Nadzwyczajnym+Walnym+Zgromadzeniu+Sp%C3%B3%C5%82ki+Grupa+Azoty+S.A.+w+dniu+26+wrze%C5%9Bnia+2024+roku', 1),
('26-09-2024 16:46:44', 'UchwaŇāy bńôdńÖce przedmiotem obrad Nadzwyczajnego Walnego Zgromadzenia sp√≥Ňāki Grupa Azoty S.A. w dniu 26 wrzeŇõnia 2024 roku', '', 'ESPI', 3.64, 19.65, 'https://www.gpw.pl/komunikat?geru_id=453077&title=Uchwa%C5%82y+b%C4%99d%C4%85ce+przedmiotem+obrad+Nadzwyczajnego+Walnego+Zgromadzenia+sp%C3%B3%C5%82ki+Grupa+Azoty+S.A.+w+dniu+26+wrze%C5%9Bnia+2024+roku', 1),
('23-09-2024 18:10:34', 'ZgŇāoszenie projektu uchwaŇāy NWZ przez akcjonariusza', '', 'ESPI', 3.64, 19.65, 'https://www.gpw.pl/komunikat?geru_id=452844&title=Zg%C5%82oszenie+projektu+uchwa%C5%82y+NWZ+przez+akcjonariusza', 1),
('12-09-2024 08:00:34', 'Podpisanie listu intencyjnego pomińôdzy sp√≥Ňākami Grupy Azoty a ORLEN S.A.', '', 'ESPI', 3.64, 19.65, 'https://www.gpw.pl/komunikat?geru_id=452319&title=Podpisanie+listu+intencyjnego+pomi%C4%99dzy+sp%C3%B3%C5%82kami+Grupy+Azoty+a+ORLEN+S.A.', 1),
('11-09-2024 17:57:37', 'UNTITLED P√≥Ňāroczny REPORT', '', 'ESPI', 3.64, 19.65, 'https://www.gpw.pl/komunikat?geru_id=452301', 1),
('09-09-2024 16:00:29', 'OdstńÖpienie od stosowania wybranych warunk√≥w Um√≥w o Finansowanie Grupy Azoty', '', 'ESPI', 3.64, 19.65, 'https://www.gpw.pl/komunikat?geru_id=452161&title=Odst%C4%85pienie+od+stosowania+wybranych+warunk%C3%B3w+Um%C3%B3w+o+Finansowanie+Grupy+Azoty', 1),
('06-09-2024 22:50:06', 'ZŇāoŇľenie przez Generalnego Wykonawcńô dw√≥ch propozycji zmian do umowy realizacji projektu Polimery Police', '', 'ESPI', 3.64, 19.65, 'https://www.gpw.pl/komunikat?geru_id=452114&title=Z%C5%82o%C5%BCenie+przez+Generalnego+Wykonawc%C4%99+dw%C3%B3ch+propozycji+zmian+do+umowy+realizacji+projektu+Polimery+Police', 1),
('30-08-2024 19:35:11', 'UzupeŇānienie dokument√≥w kierowanych na Nadzwyczajne Walne Zgromadzenie sp√≥Ňāki Grupa Azoty S.A. zwoŇāane na dzieŇĄ 26 wrzeŇõnia 2024 roku', '', 'ESPI', 3.64, 19.65, 'https://www.gpw.pl/komunikat?geru_id=451679&title=Uzupe%C5%82nienie+dokument%C3%B3w+kierowanych+na+Nadzwyczajne+Walne+Zgromadzenie+sp%C3%B3%C5%82ki+Grupa+Azoty+S.A.+zwo%C5%82ane+na+dzie%C5%84+26+wrze%C5%9Bnia+2024+roku', 1),
('30-08-2024 18:23:48', 'WydŇāuŇľenie okresu obowińÖzywania umowy stabilizacyjnej sp√≥Ňāki zaleŇľnej', '', 'ESPI', 3.64, 19.65, 'https://www.gpw.pl/komunikat?geru_id=451670&title=Wyd%C5%82u%C5%BCenie+okresu+obowi%C4%85zywania+umowy+stabilizacyjnej+sp%C3%B3%C5%82ki+zale%C5%BCnej', 1),
('30-08-2024 17:04:00', 'Projekty uchwaŇā  Nadzwyczajnego Walnego Zgromadzenia Grupy Azoty S.A. zwoŇāanego na dzieŇĄ 26 wrzeŇõnia 2024 roku', '', 'ESPI', 3.64, 19.65, 'https://www.gpw.pl/komunikat?geru_id=451652&title=Projekty+uchwa%C5%82+Nadzwyczajnego+Walnego+Zgromadzenia+Grupy+Azoty+S.A.+zwo%C5%82anego+na+dzie%C5%84+26+wrze%C5%9Bnia+2024+roku', 1),
('30-08-2024 16:59:58', 'ZwoŇāanie Nadzwyczajnego Walnego Zgromadzenia Grupy Azoty S.A. na dzieŇĄ 26 wrzeŇõnia 2024 roku', '', 'ESPI', 3.64, 19.65, 'https://www.gpw.pl/komunikat?geru_id=451651&title=Zwo%C5%82anie+Nadzwyczajnego+Walnego+Zgromadzenia+Grupy+Azoty+S.A.+na+dzie%C5%84+26+wrze%C5%9Bnia+2024+roku', 1),
('29-08-2024 14:20:37', 'Informacja o zamiarze wypowiedzenia ZakŇāadowego UkŇāadu Zbiorowego Pracy dla Pracownik√≥w sp√≥Ňāki zaleŇľnej', '', 'ESPI', 3.64, 19.65, 'https://www.gpw.pl/komunikat?geru_id=451538&title=Informacja+o+zamiarze+wypowiedzenia+Zak%C5%82adowego+Uk%C5%82adu+Zbiorowego+Pracy+dla+Pracownik%C3%B3w+sp%C3%B3%C5%82ki+zale%C5%BCnej', 1),
('27-08-2024 18:52:28', 'Wyniki rozm√≥w o czasowym zawieszeniu stosowania czńôŇõci zapis√≥w ZakŇāadowych UkŇāad√≥w Zbiorowych Pracy w Grupie Azoty - korekta', '', 'ESPI', 3.64, 19.65, 'https://www.gpw.pl/komunikat?geru_id=451417&title=Wyniki+rozm%C3%B3w+o+czasowym+zawieszeniu+stosowania+cz%C4%99%C5%9Bci+zapis%C3%B3w+Zak%C5%82adowych+Uk%C5%82ad%C3%B3w+Zbiorowych+Pracy+w+Grupie+Azoty+-+korekta', 1),
('26-08-2024 22:23:56', 'Wyniki rozm√≥w o czasowym zawieszeniu stosowania czńôŇõci zapis√≥w ZakŇāadowych UkŇāad√≥w Zbiorowych Pracy w Grupie Azoty', '', 'ESPI', 3.64, 19.65, 'https://www.gpw.pl/komunikat?geru_id=451371&title=Wyniki+rozm%C3%B3w+o+czasowym+zawieszeniu+stosowania+cz%C4%99%C5%9Bci+zapis%C3%B3w+Zak%C5%82adowych+Uk%C5%82ad%C3%B3w+Zbiorowych+Pracy+w+Grupie+Azoty', 1),
('26-08-2024 12:03:16', 'Szacunkowe wybrane skonsolidowane wyniki finansowe Grupy KapitaŇāowej Grupa Azoty za II kwartaŇā 2024 roku oraz za I p√≥Ňārocze 2024 roku', '', 'ESPI', 3.64, 19.65, 'https://www.gpw.pl/komunikat?geru_id=451342&title=Szacunkowe+wybrane+skonsolidowane+wyniki+finansowe+Grupy+Kapita%C5%82owej+Grupa+Azoty+za+II+kwarta%C5%82+2024+roku+oraz+za+I+p%C3%B3%C5%82rocze+2024+roku', 1),
('06-08-2024 14:03:01', 'Podpisanie umowy zmieniajńÖcej do umowy stabilizacyjnej przez sp√≥Ňākńô zaleŇľnńÖ', '', 'ESPI', 3.64, 19.65, 'https://www.gpw.pl/komunikat?geru_id=450620&title=Podpisanie+umowy+zmieniaj%C4%85cej+do+umowy+stabilizacyjnej+przez+sp%C3%B3%C5%82k%C4%99+zale%C5%BCn%C4%85', 1),
('31-07-2024 23:55:16', 'Podpisanie aneksu do porozumienia z 13 instytucjami finansujńÖcymi Grupńô Azoty', '', 'ESPI', 3.64, 19.65, 'https://www.gpw.pl/komunikat?geru_id=450388&title=Podpisanie+aneksu+do+porozumienia+z+13+instytucjami+finansuj%C4%85cymi+Grup%C4%99+Azoty', 1),
('22-07-2022 17:11:35', 'Regarding the decision made by Vilnius Regional Court and the term to lodge the claims', '', '', 0, 11.54, 'https://www.gpw.pl/komunikat?geru_id=401433&title=Regarding+the+decision+made+by+Vilnius+Regional+Court+and+the+term+to+lodge+the+claims', 4),
('15-07-2022 17:05:51', 'Regarding the decision made by Vilnius Regional Court', '', '', 0, 11.54, 'https://www.gpw.pl/komunikat?geru_id=401169&title=Regarding+the+decision+made+by+Vilnius+Regional+Court', 4),
('30-06-2022 17:56:23', 'Re annulment of certain permissions', '', '', 0, 11.54, 'https://www.gpw.pl/komunikat?geru_id=400305&title=Re+annulment+of+certain+permissions', 4),
('30-06-2022 17:16:31', 'Notice on the extra-judicial bankruptcy procedure of AB \"INTER RAO Lietuva\"', '', '', 0, 11.54, 'https://www.gpw.pl/komunikat?geru_id=400286&title=Notice+on+the+extra-judicial+bankruptcy+procedure+of+AB+%22INTER+RAO+Lietuva%22', 4),
('20-06-2022 14:53:49', 'AB INTER RAO Lietuva announces about the resignation of a member of the Supervisory Council', '', '', 0, 11.54, 'https://www.gpw.pl/komunikat?geru_id=399211&title=AB+INTER+RAO+Lietuva+announces+about+the+resignation+of+a+member+of+the+Supervisory+Council', 4),
('07-06-2022 17:05:17', 'Regarding decision of the chief executive officer', '', '', 0, 11.54, 'https://www.gpw.pl/komunikat?geru_id=398532&title=Regarding+decision+of+the+chief+executive+officer', 4),
('27-05-2022 16:00:42', 'The Company will seek for annulment of certain decisionsThe Company will seek for annulment of certain decisions', '', '', 0, 11.54, 'https://www.gpw.pl/komunikat?geru_id=397606&title=The+Company+will+seek+for+annulment+of+certain+decisionsThe+Company+will+seek+for+annulment+of+certain+decisions', 4),
('20-05-2022 16:36:10', 'Notice on immediate suspension from further trading on Nord Pool\'s markets', '', '', 0, 11.54, 'https://www.gpw.pl/komunikat?geru_id=396966&title=Notice+on+immediate+suspension+from+further+trading+on+Nord+Pool%27s+markets', 4),
('13-05-2022 17:09:42', 'Announcement of the results for the 1st quarter of the year 2021 of AB INTER RAO Lietuva', '', '', 0, 11.54, 'https://www.gpw.pl/komunikat?geru_id=396513&title=Announcement+of+the+results+for+the+1st+quarter+of+the+year+2021+of+AB+INTER+RAO+Lietuva', 4),
('11-05-2022 14:43:47', 'Publication date of the results for the 1st quarter of 2022', '', '', 0, 11.54, 'https://www.gpw.pl/komunikat?geru_id=396292&title=Publication+date+of+the+results+for+the+1st+quarter+of+2022', 4),
('06-05-2022 13:05:00', 'Notice on the procedure for the payment of dividends', '', '', 0, 11.54, 'https://www.gpw.pl/komunikat?geru_id=396058&title=Notice+on+the+procedure+for+the+payment+of+dividends', 4),
('29-04-2022 17:09:46', 'Notice on the decisions adopted by the Annual General Meeting of Shareholders', '', '', 0, 11.54, 'https://www.gpw.pl/komunikat?geru_id=395559&title=Notice+on+the+decisions+adopted+by+the+Annual+General+Meeting+of+Shareholders', 4),
('19-04-2022 17:46:45', 'Notice regarding the adjustment of the General Voting Ballot (hereinafter referred to as the Ballot)', '', '', 0, 11.54, 'https://www.gpw.pl/komunikat?geru_id=394544&title=Notice+regarding+the+adjustment+of+the+General+Voting+Ballot+hereinafter+referred+to+as+the+Ballot', 4),
('07-04-2022 07:55:38', 'Notice on convocation of the Annual General Meeting of Shareholders', '', '', 0, 11.54, 'https://www.gpw.pl/komunikat?geru_id=393888&title=Notice+on+convocation+of+the+Annual+General+Meeting+of+Shareholders', 4),
('06-04-2022 13:44:30', 'AB INTER RAO Lietuva Supervisory Board having analysed the Financial Statements for the year 2021 decided to propose the Annual General Meeting of Shareholders to approve them', '', '', 0, 11.54, 'https://www.gpw.pl/komunikat?geru_id=393828&title=AB+INTER+RAO+Lietuva+Supervisory+Board+having+analysed+the+Financial+Statements+for+the+year+2021+decided+to+propose+the+Annual+General+Meeting+of+Shareholders+to+approve+them', 4),
('30-03-2022 14:42:01', 'AB INTER RAO Lietuva Management Board adopted a decision on analysis and assessment of the Audited Annual Financial Statements of the Company and the Group for the year 2021 and a decision to convene the Annual General Meeting of the Company', '', '', 0, 11.54, 'https://www.gpw.pl/komunikat?geru_id=393316&title=AB+INTER+RAO+Lietuva+Management+Board+adopted+a+decision+on+analysis+and+assessment+of+the+Audited+Annual+Financial+Statements+of+the+Company+and+the+Group+for+the+year+2021+and+a+decision+to+convene+the+Annual+General+Meeting+of+the+Company', 4),
('25-03-2022 15:57:12', 'Re restrictions imposed by Polish Power Exchange', '', '', 0, 11.54, 'https://www.gpw.pl/komunikat?geru_id=393064&title=Re+restrictions+imposed+by+Polish+Power+Exchange', 4),
('24-03-2022 14:44:23', 'Regarding comments announced by some Mass Media', '', '', 0, 11.54, 'https://www.gpw.pl/komunikat?geru_id=392939&title=Regarding+comments+announced+by+some+Mass+Media', 4),
('23-03-2022 14:33:50', 'Regarding suspension of trading of shares', '', '', 0, 11.54, 'https://www.gpw.pl/komunikat?geru_id=392859&title=Regarding+suspension+of+trading+of+shares', 4),
('17-03-2022 09:47:03', 'Regarding information announced by some Mass Media', '', '', 0, 11.54, 'https://www.gpw.pl/komunikat?geru_id=392559&title=Regarding+information+announced+by+some+Mass+Media', 4),
('27-05-2024 19:09:30', 'Grupa Kęty Spółka Akcyjna Raport dotyczący incydentalnego naruszenia Dobrych Praktyk', 'Bieżący', 'EBI', 0.67, 832.5, 'https://www.gpw.pl/komunikat?geru_id=441933&title=Grupa+K%C4%99ty+Sp%C3%B3%C5%82ka+Akcyjna+Raport+dotycz%C4%85cy+incydentalnego+naruszenia+Dobrych+Praktyk', 5),
('20-06-2023 15:06:13', 'Grupa Kęty Spółka Akcyjna Raport dotyczący incydentalnego naruszenia Dobrych Praktyk', 'Bieżący', 'EBI', 0.67, 832.5, 'https://www.gpw.pl/komunikat?geru_id=422570&title=Grupa+K%C4%99ty+Sp%C3%B3%C5%82ka+Akcyjna+Raport+dotycz%C4%85cy+incydentalnego+naruszenia+Dobrych+Praktyk', 5),
('25-05-2022 18:32:47', 'Grupa Kęty Spółka Akcyjna  - informacja o stanie stosowania Dobrych Praktyk 2021', 'Bieżący', 'EBI', 0.67, 832.5, 'https://www.gpw.pl/komunikat?geru_id=397325&title=Grupa+K%C4%99ty+Sp%C3%B3%C5%82ka+Akcyjna+-+informacja+o+stanie+stosowania+Dobrych+Praktyk+2021', 5),
('30-07-2021 16:08:08', 'Grupa Kęty Spółka Akcyjna  - informacja o stanie stosowania Dobrych Praktyk 2021', 'Bieżący', 'EBI', 0.67, 832.5, 'https://www.gpw.pl/komunikat?geru_id=379860&title=Grupa+K%C4%99ty+Sp%C3%B3%C5%82ka+Akcyjna+-+informacja+o+stanie+stosowania+Dobrych+Praktyk+2021', 5),
('16-03-2018 16:44:50', 'Dobre Praktyki na GPW 2016', 'Bieżący', 'EBI', 0.67, 832.5, 'https://www.gpw.pl/komunikat?geru_id=302565&title=+Dobre+Praktyki+na+GPW+2016+', 5),
('16-03-2017 17:15:52', 'Grupa Kęty Spółka Akcyjna Raport dotyczący zakresu stosowania Dobrych Praktyk', 'Bieżący', 'EBI', 0.67, 832.5, 'https://www.gpw.pl/komunikat?geru_id=276454&title=Grupa+K%C4%99ty+Sp%C3%B3%C5%82ka+Akcyjna+Raport+dotycz%C4%85cy+zakresu+stosowania+Dobrych+Praktyk', 5),
('16-03-2016 17:32:05', 'Grupa Kęty Spółka Akcyjna Raport dotyczący zakresu stosowania Dobrych Praktyk', 'Bieżący', 'EBI', 0.67, 832.5, 'https://www.gpw.pl/komunikat?geru_id=251618&title=Grupa+K%C4%99ty+Sp%C3%B3%C5%82ka+Akcyjna+Raport+dotycz%C4%85cy+zakresu+stosowania+Dobrych+Praktyk', 5),
('19-05-2014 12:52:35', 'Zgłoszenie kandydata na członka do Rady Nadzorczej', 'Bieżący', 'EBI', 0.67, 832.5, 'https://www.gpw.pl/komunikat?geru_id=209279&title=Zg%C5%82oszenie+kandydata+na+cz%C5%82onka+do+Rady+Nadzorczej', 5),
('15-05-2014 10:15:18', 'Zgłoszenie kandydata na członka do Rady Nadzorczej', 'Bieżący', 'EBI', 0.67, 832.5, 'https://www.gpw.pl/komunikat?geru_id=209086&title=Zg%C5%82oszenie+kandydata+na+cz%C5%82onka+do+Rady+Nadzorczej', 5),
('14-05-2014 10:11:30', 'Zgłoszenie kandydata na członka do Rady Nadzorczej', 'Bieżący', 'EBI', 0.67, 832.5, 'https://www.gpw.pl/komunikat?geru_id=208725&title=Zg%C5%82oszenie+kandydata+na+cz%C5%82onka+do+Rady+Nadzorczej', 5),
('08-05-2014 13:08:42', 'Zgłoszenie kandydata na członka Rady Nadzorczej Spółki', 'Bieżący', 'EBI', 0.67, 832.5, 'https://www.gpw.pl/komunikat?geru_id=208188&title=Zg%C5%82oszenie+kandydata+na+cz%C5%82onka+Rady+Nadzorczej+Sp%C3%B3%C5%82ki', 5),
('05-05-2014 11:07:48', 'Zgłoszenie kandydata na członka Rady Nadzorczej', 'Bieżący', 'EBI', 0.67, 832.5, 'https://www.gpw.pl/komunikat?geru_id=207900&title=Zg%C5%82oszenie+kandydata+na+cz%C5%82onka+Rady+Nadzorczej', 5),
('14-04-2014 14:50:02', 'Sprawozdanie Rady Nadzorczej zawierające zwięzłą ocenę sytuacji Spółki za 2013 rok z uwzględnieniem oceny systemu kontroli wewnętrznej i systemu zarządzania', 'Bieżący', 'EBI', 0.67, 832.5, 'https://www.gpw.pl/komunikat?geru_id=206358&title=Sprawozdanie+Rady+Nadzorczej+zawieraj%C4%85ce+zwi%C4%99z%C5%82%C4%85+ocen%C4%99+sytuacji+Sp%C3%B3%C5%82ki+za+2013+rok+z+uwzgl%C4%99dnieniem+oceny+systemu+kontroli+wewn%C4%99trznej+i+systemu+zarz%C4%85dzania', 5),
('22-02-2013 13:32:12', 'Informacja o niestosowaniu zasady zawartej w części IV pkt 10 Dobre Praktyki Spółek Notowanych na GPW', 'Bieżący', 'EBI', 0.67, 832.5, 'https://www.gpw.pl/komunikat?geru_id=178396&title=Informacja+o+niestosowaniu+zasady+zawartej+w+cz%C4%99%C5%9Bci+IV+pkt+10+Dobre+Praktyki+Sp%C3%B3%C5%82ek+Notowanych+na+GPW', 5),
('26-05-2011 13:33:34', 'Zgłoszenie 2 kandydatów na członków rady nadzorczej', 'Bieżący', 'EBI', 0.67, 832.5, 'https://www.gpw.pl/komunikat?geru_id=135400&title=Zg%C5%82oszenie+2+kandydat%C3%B3w+na+cz%C5%82onk%C3%B3w+rady+nadzorczej', 5),
('26-05-2011 13:00:07', 'Zgłoszenie kandydata na członka rady nadzorczej', 'Bieżący', 'EBI', 0.67, 832.5, 'https://www.gpw.pl/komunikat?geru_id=135399&title=Zg%C5%82oszenie+kandydata+na+cz%C5%82onka+rady+nadzorczej', 5),
('20-05-2011 14:44:45', 'Zgłoszenie kandydata na członka Rady Nadzorczej', 'Bieżący', 'EBI', 0.67, 832.5, 'https://www.gpw.pl/komunikat?geru_id=135009&title=Zg%C5%82oszenie+kandydata+na+cz%C5%82onka+Rady+Nadzorczej', 5),
('11-05-2011 10:12:30', 'Zgłoszenie kandydata do Rady Nadzorczej  Grupy Kęty S.A.', 'Bieżący', 'EBI', 0.67, 832.5, 'https://www.gpw.pl/komunikat?geru_id=134018&title=Zg%C5%82oszenie+kandydata+do+Rady+Nadzorczej+Grupy+K%C4%99ty+S.A.', 5),
('21-04-2011 14:04:16', 'Sprawozdanie z działalności Rady oraz zwięzła ocena sytuacji spółki', 'Bieżący', 'EBI', 0.67, 832.5, 'https://www.gpw.pl/komunikat?geru_id=132495&title=Sprawozdanie+z+dzia%C5%82alno%C5%9Bci+Rady+oraz+zwi%C4%99z%C5%82a+ocena+sytuacji+sp%C3%B3%C5%82ki', 5),
('12-10-2024 08:46:32', 'Zawiadomienie w trybie art. 69 ustawy o ofercie publicznej', 'Bieżący', 'ESPI', -0.5, 3.98, 'https://www.gpw.pl/komunikat?geru_id=453970&title=Zawiadomienie+w+trybie+art.+69+ustawy+o+ofercie+publicznej', 6),
('12-10-2024 08:40:17', 'Zawiadomienie w trybie art. 69 ustawy o ofercie publicznej', 'Bieżący', 'ESPI', -0.5, 3.98, 'https://www.gpw.pl/komunikat?geru_id=453969&title=Zawiadomienie+w+trybie+art.+69+ustawy+o+ofercie+publicznej', 6),
('11-10-2024 23:54:44', 'Podpisanie aneksu do porozumienia z 13 instytucjami finansującymi Grupę Azoty.', 'Bieżący', 'ESPI', -1.6, 9.82, 'https://www.gpw.pl/komunikat?geru_id=453968&title=Podpisanie+aneksu+do+porozumienia+z+13+instytucjami+finansuj%C4%85cymi+Grup%C4%99+Azoty.', 6),
('11-10-2024 23:54:35', 'Podpisanie aneksu do porozumienia z 13 instytucjami finansującymi Grupę Azoty.', 'Bieżący', 'ESPI', 0, 49.9, 'https://www.gpw.pl/komunikat?geru_id=453967&title=Podpisanie+aneksu+do+porozumienia+z+13+instytucjami+finansuj%C4%85cymi+Grup%C4%99+Azoty.', 6),
('11-10-2024 23:53:08', 'Podpisanie aneksu do porozumienia z 13 instytucjami finansującymi Grupę Azoty', 'Bieżący', 'ESPI', 3.64, 19.65, 'https://www.gpw.pl/komunikat?geru_id=453966&title=Podpisanie+aneksu+do+porozumienia+z+13+instytucjami+finansuj%C4%85cymi+Grup%C4%99+Azoty', 6),
('11-10-2024 23:43:54', 'Objęcie przez osoby uprawnione akcji serii T Spółki wskutek realizacji praw z warrantów subskrypcyjnych serii A', 'Bieżący', 'ESPI', 0.68, 4.43, 'https://www.gpw.pl/komunikat?geru_id=453965&title=Obj%C4%99cie+przez+osoby+uprawnione+akcji+serii+T+Sp%C3%B3%C5%82ki+wskutek+realizacji+praw+z+warrant%C3%B3w+subskrypcyjnych+serii+A', 6),
('11-10-2024 21:11:37', 'Informacja o ilości przekazanych mieszkań i lokali w III kwartale 2024r.', 'Bieżący', 'ESPI', 0.2, 50.2, 'https://www.gpw.pl/komunikat?geru_id=453964&title=Informacja+o+ilo%C5%9Bci+przekazanych+mieszka%C5%84+i+lokali+w+III+kwartale+2024r.', 6),
('11-10-2024 19:08:46', 'Otrzymanie pisma od podmiotu nabywającego akcje w ramach wezwania', 'Bieżący', 'ESPI', 0.45, 332, 'https://www.gpw.pl/komunikat?geru_id=453963&title=Otrzymanie+pisma+od+podmiotu+nabywaj%C4%85cego+akcje+w+ramach+wezwania', 6),
('11-10-2024 19:04:26', 'Otrzymanie zawiadomień o zmianie udziału w ogólnej liczbie głosów oraz kapitale zakładowym spółki Comarch S.A.', 'Bieżący', 'ESPI', 0.45, 332, 'https://www.gpw.pl/komunikat?geru_id=453962&title=Otrzymanie+zawiadomie%C5%84+o+zmianie+udzia%C5%82u+w+og%C3%B3lnej+liczbie+g%C5%82os%C3%B3w+oraz+kapitale+zak%C5%82adowym+sp%C3%B3%C5%82ki+Comarch+S.A.', 6),
('11-10-2024 18:42:51', 'Decyzja Ministra Rozwoju i Technologii w sprawie wywozu przez PZ CORMAY S.A. do Rosji analizatorów hematologicznych', 'Bieżący', 'ESPI', -1.18, 0.5, 'https://www.gpw.pl/komunikat?geru_id=453961&title=Decyzja+Ministra+Rozwoju+i+Technologii+w+sprawie+wywozu+przez+PZ+CORMAY+S.A.+do+Rosji+analizator%C3%B3w+hematologicznych', 6),
('11-10-2024 18:08:46', 'Zawarcie przez Spółkę aneksu do umowy dotyczącej świadczenia przez Smartwings Poland sp. z o.o. na rzecz Rainbow Tours S.A. lotniczych usług czarterowych', 'Bieżący', 'ESPI', -1.05, 113.2, 'https://www.gpw.pl/komunikat?geru_id=453960&title=Zawarcie+przez+Sp%C3%B3%C5%82k%C4%99+aneksu+do+umowy+dotycz%C4%85cej+%C5%9Bwiadczenia+przez+Smartwings+Poland+sp.+z+o.o.+na+rzecz+Rainbow+Tours+S.A.+lotniczych+us%C5%82ug+czarterowych', 6),
('11-10-2024 18:06:30', 'Realizacja programu skupu akcji własnych', 'Bieżący', 'ESPI', -0.46, 21.7, 'https://www.gpw.pl/komunikat?geru_id=453958&title=Realizacja+programu+skupu+akcji+w%C5%82asnych', 6),
('11-10-2024 18:06:15', 'Powołanie Prezesa Zarządu', 'Bieżący', 'ESPI', -0.71, 0.56, 'https://www.gpw.pl/komunikat?geru_id=453959&title=Powo%C5%82anie+Prezesa+Zarz%C4%85du', 6),
('11-10-2024 18:04:11', 'Rezygnacja Członka Rady Nadzorczej Emitenta', 'Bieżący', 'ESPI', -0.71, 0.56, 'https://www.gpw.pl/komunikat?geru_id=453957&title=Rezygnacja+Cz%C5%82onka+Rady+Nadzorczej+Emitenta', 6),
('11-10-2024 18:02:03', 'Rezygnacja Prezesa i Wiceprezesa Zarządu ELKOP SE', 'Bieżący', 'ESPI', -0.71, 0.56, 'https://www.gpw.pl/komunikat?geru_id=453956&title=Rezygnacja+Prezesa+i+Wiceprezesa+Zarz%C4%85du+ELKOP+SE', 6),
('11-10-2024 16:56:24', 'Zawiadomienie od akcjonariusza o zmianie udziału w ogólnej liczbie głosów w Spółce', 'Bieżący', 'ESPI', -1.2, 1.65, 'https://www.gpw.pl/komunikat?geru_id=453954&title=Zawiadomienie+od+akcjonariusza+o+zmianie+udzia%C5%82u+w+og%C3%B3lnej+liczbie+g%C5%82os%C3%B3w+w+Sp%C3%B3%C5%82ce', 6),
('11-10-2024 16:50:33', 'Zawiadomienie o transakcjach na akcjach Spółki', 'Bieżący', 'ESPI', 2.61, 5.5, 'https://www.gpw.pl/komunikat?geru_id=453953&title=Zawiadomienie+o+transakcjach+na+akcjach+Sp%C3%B3%C5%82ki', 6),
('11-10-2024 16:29:11', 'Zawarcie umów przeniesienia własności części nieruchomości gruntowych w woj. śląskim', 'Bieżący', 'ESPI', -0.75, 53, 'https://www.gpw.pl/komunikat?geru_id=453952&title=Zawarcie+um%C3%B3w+przeniesienia+w%C5%82asno%C5%9Bci+cz%C4%99%C5%9Bci+nieruchomo%C5%9Bci+gruntowych+w+woj.+%C5%9Bl%C4%85skim', 6),
('11-10-2024 16:13:05', 'Szacunek wpływu kosztów ryzyka prawnego związanego z kredytami hipotecznymi denominowanymi i indeksowanymi do CHF na wyniki trzeciego kwartału 2024 r.', 'Bieżący', 'ESPI', 2.18, 58.16, 'https://www.gpw.pl/komunikat?geru_id=453951&title=Szacunek+wp%C5%82ywu+koszt%C3%B3w+ryzyka+prawnego+zwi%C4%85zanego+z+kredytami+hipotecznymi+denominowanymi+i+indeksowanymi+do+CHF+na+wyniki+trzeciego+kwarta%C5%82u+2024+r.', 6),
('11-10-2024 16:06:48', 'Rejestracja zmiany kapitału zakładowego KRUK S.A.', 'Bieżący', 'ESPI', 0.38, 424.4, 'https://www.gpw.pl/komunikat?geru_id=453950&title=Rejestracja+zmiany+kapita%C5%82u+zak%C5%82adowego+KRUK+S.A.', 6),
('25-10-2024 17:27:19', 'UNTITLED Kwartalny REPORT', 'Kwartalny', 'ESPI', 1.85, 55, 'https://www.gpw.pl/komunikat?geru_id=454583', 3),
('23-10-2024 17:57:55', 'UNTITLED Kwartalny REPORT', 'Kwartalny', 'ESPI', 0.63, 48, 'https://www.gpw.pl/komunikat?geru_id=454448', 3),
('20-09-2024 21:05:12', 'Powiadomienie o transakcji w trybie art. 19 MAR', 'Bieżący', 'ESPI', 1.85, 55, 'https://www.gpw.pl/komunikat?geru_id=452770&title=Powiadomienie+o+transakcji+w+trybie+art.+19+MAR', 3),
('19-09-2024 15:41:53', 'Nabycie praw z akcji własnych w związku z rozliczeniem ofert w ramach skupu akcji własnych Spółki', 'Bieżący', 'ESPI', 1.85, 55, 'https://www.gpw.pl/komunikat?geru_id=452663&title=Nabycie+praw+z+akcji+w%C5%82asnych+w+zwi%C4%85zku+z+rozliczeniem+ofert+w+ramach+skupu+akcji+w%C5%82asnych+Sp%C3%B3%C5%82ki', 3),
('17-09-2024 17:09:42', 'Zakończenie przyjmowania ofert w ramach skupu akcji własnych Spółki; informacja o liczbie akcji przeznaczonych do nabycia oraz planowanym terminie rozliczenia transakcji', 'Bieżący', 'ESPI', 1.85, 55, 'https://www.gpw.pl/komunikat?geru_id=452539&title=Zako%C5%84czenie+przyjmowania+ofert+w+ramach+skupu+akcji+w%C5%82asnych+Sp%C3%B3%C5%82ki%3B+informacja+o+liczbie+akcji+przeznaczonych+do+nabycia+oraz+planowanym+terminie+rozliczenia+transakcji', 3),
('03-09-2024 18:04:31', 'Ogłoszenie zaproszenia do składania ofert sprzedaży akcji Asseco Business Solutions S.A.', 'Bieżący', 'ESPI', 1.85, 55, 'https://www.gpw.pl/komunikat?geru_id=451921&title=Og%C5%82oszenie+zaproszenia+do+sk%C5%82adania+ofert+sprzeda%C5%BCy+akcji+Asseco+Business+Solutions+S.A.', 3),
('27-08-2024 17:11:05', 'UNTITLED Półroczny REPORT', 'Półroczny', 'ESPI', 0.41, 86.3, 'https://www.gpw.pl/komunikat?geru_id=451409', 3),
('05-08-2024 17:09:08', 'Powiadomienie o transakcjach c', 'Bieżący', 'ESPI', 1.85, 55, 'https://www.gpw.pl/komunikat?geru_id=450580&title=Powiadomienie+o+transakcjach+c', 3),
('02-08-2024 17:12:31', 'UNTITLED Półroczny REPORT', 'Półroczny', 'ESPI', 0.63, 48, 'https://www.gpw.pl/komunikat?geru_id=450511', 3),
('01-08-2024 17:40:16', 'UNTITLED Półroczny REPORT', 'Półroczny', 'ESPI', 1.85, 55, 'https://www.gpw.pl/komunikat?geru_id=450441', 3),
('29-07-2024 20:53:30', 'Ustalenie tekstu jednolitego Statutu Asseco Business Solutions S.A.', 'Bieżący', 'ESPI', 1.85, 55, 'https://www.gpw.pl/komunikat?geru_id=450238&title=Ustalenie+tekstu+jednolitego+Statutu+Asseco+Business+Solutions+S.A.', 3),
('26-07-2024 15:56:46', 'Rejestracja zmian statutu Spółki', 'Bieżący', 'ESPI', 1.85, 55, 'https://www.gpw.pl/komunikat?geru_id=450148&title=Rejestracja+zmian+statutu+Sp%C3%B3%C5%82ki', 3);
INSERT INTO `dane` (`data`, `tytul_raportu`, `typ_raportu`, `kategoria_raportu`, `zmiana`, `kurs`, `link`, `Id_firmy`) VALUES
('25-07-2024 17:51:22', 'Informacja o szacunkowych wybranych wynikach finansowych za I półrocze 2024 roku', 'Bieżący', 'ESPI', 0.63, 48, 'https://www.gpw.pl/komunikat?geru_id=450083&title=Informacja+o+szacunkowych+wybranych+wynikach+finansowych+za+I+p%C3%B3%C5%82rocze+2024+roku', 3),
('25-07-2024 15:55:47', 'Wykaz Akcjonariuszy reprezentujących ponad 5% głosów na NWZ Asseco Business Solutions S.A.', 'Bieżący', 'ESPI', 1.85, 55, 'https://www.gpw.pl/komunikat?geru_id=450071&title=Wykaz+Akcjonariuszy+reprezentuj%C4%85cych+ponad+5%25+g%C5%82os%C3%B3w+na+NWZ+Asseco+Business+Solutions+S.A.', 3),
('25-07-2024 15:54:46', 'Powołanie Członka Rady Nadzorczej Asseco Business Solutions S.A.', 'Bieżący', 'ESPI', 1.85, 55, 'https://www.gpw.pl/komunikat?geru_id=450070&title=Powo%C5%82anie+Cz%C5%82onka+Rady+Nadzorczej+Asseco+Business+Solutions+S.A.', 3),
('25-07-2024 15:51:45', 'Treść uchwał podjętych przez Nadzwyczajne Walne Zgromadzenie Asseco Business Solutions S.A. w dniu 25 lipca 2024 r.', 'Bieżący', 'ESPI', 1.85, 55, 'https://www.gpw.pl/komunikat?geru_id=450068&title=Tre%C5%9B%C4%87+uchwa%C5%82+podj%C4%99tych+przez+Nadzwyczajne+Walne+Zgromadzenie+Asseco+Business+Solutions+S.A.+w+dniu+25+lipca+2024+r.', 3),
('10-07-2024 16:11:23', 'Informacja o kandydacie do Rady Nadzorczej Asseco Business Solutions S.A.', 'Bieżący', 'ESPI', 1.85, 55, 'https://www.gpw.pl/komunikat?geru_id=447142&title=Informacja+o+kandydacie+do+Rady+Nadzorczej+Asseco+Business+Solutions+S.A.', 3),
('01-07-2024 18:37:57', 'Zawarcie ramowej umowy nabycia udziałów przez spółkę zależną - Payten Holding S.A. - w spółkach Paygate India Private Limited w Indiach oraz Paygate Limited w Zjednoczonych Emiratach Arabskich (Emirat Dubaj)', 'Bieżący', 'ESPI', 0.63, 48, 'https://www.gpw.pl/komunikat?geru_id=444827&title=Zawarcie+ramowej+umowy+nabycia+udzia%C5%82%C3%B3w+przez+sp%C3%B3%C5%82k%C4%99+zale%C5%BCn%C4%85+-+Payten+Holding+S.A.+-+w+sp%C3%B3%C5%82kach+Paygate+India+Private+Limited+w+Indiach+oraz+Paygate+Limited+w+Zjednoczonych+Emiratach+Arabskich+Emirat+Dubaj', 3),
('01-07-2024 16:01:26', 'Informacja o transakcjach w trybie art. 19 MAR', 'Bieżący', 'ESPI', 0.63, 48, 'https://www.gpw.pl/komunikat?geru_id=444805&title=Informacja+o+transakcjach+w+trybie+art.+19+MAR', 3),
('28-06-2024 16:08:12', 'Ogłoszenie Zarządu Asseco Business Solutions o zwołaniu Nadzwyczajnego Walnego Zgromadzenia', 'Bieżący', 'ESPI', 1.85, 55, 'https://www.gpw.pl/komunikat?geru_id=444596&title=Og%C5%82oszenie+Zarz%C4%85du+Asseco+Business+Solutions+o+zwo%C5%82aniu+Nadzwyczajnego+Walnego+Zgromadzenia', 3),
('21-11-2024 20:29:18', 'UNTITLED Kwartalny REPORT', 'Kwartalny', 'ESPI', -0.23, 21.85, 'https://www.gpw.pl/komunikat?geru_id=455922', 7),
('02-10-2024 17:17:11', 'Informacja o skonsolidowanych przychodach ze sprzedaży za III kwartał 2024 r.', 'Bieżący', 'ESPI', -0.23, 21.85, 'https://www.gpw.pl/komunikat?geru_id=453509&title=Informacja+o+skonsolidowanych+przychodach+ze+sprzeda%C5%BCy+za+III+kwarta%C5%82+2024+r.', 7),
('12-09-2024 20:21:42', 'UNTITLED Półroczny REPORT', 'Półroczny', 'ESPI', -0.23, 21.85, 'https://www.gpw.pl/komunikat?geru_id=452371', 7),
('18-07-2024 13:31:48', 'Wybór biegłego rewidenta.', 'Bieżący', 'ESPI', -0.23, 21.85, 'https://www.gpw.pl/komunikat?geru_id=449720&title=Wyb%C3%B3r+bieg%C5%82ego+rewidenta.', 7),
('15-07-2024 15:50:56', 'Zawiadomienie o rejestracji przez Sąd zmiany wysokości kapitału zakładowego Wittchen S.A.', 'Bieżący', 'ESPI', -0.23, 21.85, 'https://www.gpw.pl/komunikat?geru_id=448560&title=Zawiadomienie+o+rejestracji+przez+S%C4%85d+zmiany+wysoko%C5%9Bci+kapita%C5%82u+zak%C5%82adowego+Wittchen+S.A.', 7),
('02-07-2024 17:47:29', 'Informacja o skonsolidowanych przychodach ze sprzedaży za II kwartał 2024 r.', 'Bieżący', 'ESPI', -0.23, 21.85, 'https://www.gpw.pl/komunikat?geru_id=444915&title=Informacja+o+skonsolidowanych+przychodach+ze+sprzeda%C5%BCy+za+II+kwarta%C5%82+2024+r.', 7),
('11-06-2024 12:44:12', 'Asymilacja akcji zwykłych na okaziciela Emitenta.', 'Bieżący', 'ESPI', -0.23, 21.85, 'https://www.gpw.pl/komunikat?geru_id=442984&title=Asymilacja+akcji+zwyk%C5%82ych+na+okaziciela+Emitenta.', 7),
('07-06-2024 20:04:11', 'Dopuszczenie i wprowadzenie do obrotu giełdowego na Głównym Rynku GPW akcji zwykłych \nna okaziciela serii E spółki WITTCHEN S.A.', 'Bieżący', 'ESPI', -0.23, 21.85, 'https://www.gpw.pl/komunikat?geru_id=442886&title=Dopuszczenie+i+wprowadzenie+do+obrotu+gie%C5%82dowego+na+G%C5%82%C3%B3wnym+Rynku+GPW+akcji+zwyk%C5%82ych+%0Ana+okaziciela+serii+E+sp%C3%B3%C5%82ki+WITTCHEN+S.A.', 7),
('23-05-2024 20:08:47', 'UNTITLED Kwartalny REPORT', 'Kwartalny', 'ESPI', -0.23, 21.85, 'https://www.gpw.pl/komunikat?geru_id=441637', 7),
('22-05-2024 14:54:14', 'Zgłoszenie przez akcjonariusza projektu uchwały dotyczącej sprawy objętej porządkiem obrad oraz treść uchwał podjętych przez Zwyczajne Walne Zgromadzenie Wittchen S.A. w dniu 22 maja 2024 r.', 'Bieżący', 'ESPI', -0.23, 21.85, 'https://www.gpw.pl/komunikat?geru_id=441407&title=Zg%C5%82oszenie+przez+akcjonariusza+projektu+uchwa%C5%82y+dotycz%C4%85cej+sprawy+obj%C4%99tej+porz%C4%85dkiem+obrad+oraz+tre%C5%9B%C4%87+uchwa%C5%82+podj%C4%99tych+przez+Zwyczajne+Walne+Zgromadzenie+Wittchen+S.A.+w+dniu+22+maja+2024+r.', 7),
('22-05-2024 13:59:56', 'Powołanie Członków Rady Nadzorczej Wittchen S.A. nowej kadencji', 'Bieżący', 'ESPI', -0.23, 21.85, 'https://www.gpw.pl/komunikat?geru_id=441401&title=Powo%C5%82anie+Cz%C5%82onk%C3%B3w+Rady+Nadzorczej+Wittchen+S.A.+nowej+kadencji', 7),
('22-05-2024 13:53:54', 'Wykaz akcjonariuszy posiadających co najmniej 5% liczby głosów na Zwyczajnym Walnym Zgromadzeniu Wittchen S.A. w dniu 22 maja 2024 r.', 'Bieżący', 'ESPI', -0.23, 21.85, 'https://www.gpw.pl/komunikat?geru_id=441398&title=Wykaz+akcjonariuszy+posiadaj%C4%85cych+co+najmniej+5%25+liczby+g%C5%82os%C3%B3w+na+Zwyczajnym+Walnym+Zgromadzeniu+Wittchen+S.A.+w+dniu+22+maja+2024+r.', 7),
('22-05-2024 13:43:40', 'Informacja o wypłacie dywidendy', 'Bieżący', 'ESPI', -0.23, 21.85, 'https://www.gpw.pl/komunikat?geru_id=441392&title=Informacja+o+wyp%C5%82acie+dywidendy', 7),
('17-05-2024 14:20:45', 'Wydanie akcji zwykłych na okaziciela serii E i zmiana wysokości kapitału zakładowego spółki Wittchen S.A.', 'Bieżący', 'ESPI', -0.23, 21.85, 'https://www.gpw.pl/komunikat?geru_id=441064&title=Wydanie+akcji+zwyk%C5%82ych+na+okaziciela+serii+E+i+zmiana+wysoko%C5%9Bci+kapita%C5%82u+zak%C5%82adowego+sp%C3%B3%C5%82ki+Wittchen+S.A.', 7),
('26-04-2024 12:27:34', 'Powiadomienia o transakcjach uzyskane w trybie art. 19 MAR.', 'Bieżący', 'ESPI', -0.23, 21.85, 'https://www.gpw.pl/komunikat?geru_id=439610&title=Powiadomienia+o+transakcjach+uzyskane+w+trybie+art.+19+MAR.', 7),
('26-04-2024 11:58:31', 'Realizacja praw z warrantów subskrypcyjnych serii C w związku z realizacją III Programu Motywacyjnego Wittchen S.A.', 'Bieżący', 'ESPI', -0.23, 21.85, 'https://www.gpw.pl/komunikat?geru_id=439608&title=Realizacja+praw+z+warrant%C3%B3w+subskrypcyjnych+serii+C+w+zwi%C4%85zku+z+realizacj%C4%85+III+Programu+Motywacyjnego+Wittchen+S.A.', 7),
('24-04-2024 12:33:50', 'Zwołanie Zwyczajnego Walnego Zgromadzenia Wittchen S.A.', 'Bieżący', 'ESPI', -0.23, 21.85, 'https://www.gpw.pl/komunikat?geru_id=439257&title=Zwo%C5%82anie+Zwyczajnego+Walnego+Zgromadzenia+Wittchen+S.A.', 7),
('23-04-2024 13:29:31', 'Pozytywna ocena Rady Nadzorczej dotycząca rekomendacji Zarządu w sprawie podziału zysku netto za 2023 rok oraz wypłaty dywidendy', 'Bieżący', 'ESPI', -0.23, 21.85, 'https://www.gpw.pl/komunikat?geru_id=439127&title=Pozytywna+ocena+Rady+Nadzorczej+dotycz%C4%85ca+rekomendacji+Zarz%C4%85du+w+sprawie+podzia%C5%82u+zysku+netto+za+2023+rok+oraz+wyp%C5%82aty+dywidendy', 7),
('18-04-2024 23:57:45', 'Rekomendacja Zarządu dotycząca podziału zysku netto Spółki za rok 2023 oraz wypłaty dywidendy', 'Bieżący', 'ESPI', -0.23, 21.85, 'https://www.gpw.pl/komunikat?geru_id=438910&title=Rekomendacja+Zarz%C4%85du+dotycz%C4%85ca+podzia%C5%82u+zysku+netto+Sp%C3%B3%C5%82ki+za+rok+2023+oraz+wyp%C5%82aty+dywidendy', 7),
('18-04-2024 23:54:23', 'UNTITLED Bieżący REPORT', 'Bieżący', 'ESPI', -0.23, 21.85, 'https://www.gpw.pl/komunikat?geru_id=438909', 7),
('27-11-2024 17:48:34', 'UNTITLED Kwartalny REPORT', 'Kwartalny', 'ESPI', -0.53, 93.3, 'https://www.gpw.pl/komunikat?geru_id=456189', 3),
('25-10-2024 17:27:19', 'UNTITLED Kwartalny REPORT', 'Kwartalny', 'ESPI', 4.21, 54.4, 'https://www.gpw.pl/komunikat?geru_id=454583', 3),
('23-10-2024 17:57:55', 'UNTITLED Kwartalny REPORT', 'Kwartalny', 'ESPI', 0.62, 48.9, 'https://www.gpw.pl/komunikat?geru_id=454448', 3),
('20-09-2024 21:05:12', 'Powiadomienie o transakcji w trybie art. 19 MAR', 'Bieżący', 'ESPI', 4.21, 54.4, 'https://www.gpw.pl/komunikat?geru_id=452770&title=Powiadomienie+o+transakcji+w+trybie+art.+19+MAR', 3),
('19-09-2024 15:41:53', 'Nabycie praw z akcji własnych w związku z rozliczeniem ofert w ramach skupu akcji własnych Spółki', 'Bieżący', 'ESPI', 4.21, 54.4, 'https://www.gpw.pl/komunikat?geru_id=452663&title=Nabycie+praw+z+akcji+w%C5%82asnych+w+zwi%C4%85zku+z+rozliczeniem+ofert+w+ramach+skupu+akcji+w%C5%82asnych+Sp%C3%B3%C5%82ki', 3),
('17-09-2024 17:09:42', 'Zakończenie przyjmowania ofert w ramach skupu akcji własnych Spółki; informacja o liczbie akcji przeznaczonych do nabycia oraz planowanym terminie rozliczenia transakcji', 'Bieżący', 'ESPI', 4.21, 54.4, 'https://www.gpw.pl/komunikat?geru_id=452539&title=Zako%C5%84czenie+przyjmowania+ofert+w+ramach+skupu+akcji+w%C5%82asnych+Sp%C3%B3%C5%82ki%3B+informacja+o+liczbie+akcji+przeznaczonych+do+nabycia+oraz+planowanym+terminie+rozliczenia+transakcji', 3),
('03-09-2024 18:04:31', 'Ogłoszenie zaproszenia do składania ofert sprzedaży akcji Asseco Business Solutions S.A.', 'Bieżący', 'ESPI', 4.21, 54.4, 'https://www.gpw.pl/komunikat?geru_id=451921&title=Og%C5%82oszenie+zaproszenia+do+sk%C5%82adania+ofert+sprzeda%C5%BCy+akcji+Asseco+Business+Solutions+S.A.', 3),
('27-08-2024 17:11:05', 'UNTITLED Półroczny REPORT', 'Półroczny', 'ESPI', -0.53, 93.3, 'https://www.gpw.pl/komunikat?geru_id=451409', 3),
('27-11-2024 17:48:34', 'UNTITLED Kwartalny REPORT', 'Kwartalny', 'ESPI', -0.37, 93.45, 'https://www.gpw.pl/komunikat?geru_id=456189', 3),
('25-10-2024 17:27:19', 'UNTITLED Kwartalny REPORT', 'Kwartalny', 'ESPI', 4.21, 54.4, 'https://www.gpw.pl/komunikat?geru_id=454583', 3),
('23-10-2024 17:57:55', 'UNTITLED Kwartalny REPORT', 'Kwartalny', 'ESPI', 0.62, 48.9, 'https://www.gpw.pl/komunikat?geru_id=454448', 3),
('20-09-2024 21:05:12', 'Powiadomienie o transakcji w trybie art. 19 MAR', 'Bieżący', 'ESPI', 4.21, 54.4, 'https://www.gpw.pl/komunikat?geru_id=452770&title=Powiadomienie+o+transakcji+w+trybie+art.+19+MAR', 3),
('19-09-2024 15:41:53', 'Nabycie praw z akcji własnych w związku z rozliczeniem ofert w ramach skupu akcji własnych Spółki', 'Bieżący', 'ESPI', 4.21, 54.4, 'https://www.gpw.pl/komunikat?geru_id=452663&title=Nabycie+praw+z+akcji+w%C5%82asnych+w+zwi%C4%85zku+z+rozliczeniem+ofert+w+ramach+skupu+akcji+w%C5%82asnych+Sp%C3%B3%C5%82ki', 3),
('17-09-2024 17:09:42', 'Zakończenie przyjmowania ofert w ramach skupu akcji własnych Spółki; informacja o liczbie akcji przeznaczonych do nabycia oraz planowanym terminie rozliczenia transakcji', 'Bieżący', 'ESPI', 4.21, 54.4, 'https://www.gpw.pl/komunikat?geru_id=452539&title=Zako%C5%84czenie+przyjmowania+ofert+w+ramach+skupu+akcji+w%C5%82asnych+Sp%C3%B3%C5%82ki%3B+informacja+o+liczbie+akcji+przeznaczonych+do+nabycia+oraz+planowanym+terminie+rozliczenia+transakcji', 3),
('03-09-2024 18:04:31', 'Ogłoszenie zaproszenia do składania ofert sprzedaży akcji Asseco Business Solutions S.A.', 'Bieżący', 'ESPI', 4.21, 54.4, 'https://www.gpw.pl/komunikat?geru_id=451921&title=Og%C5%82oszenie+zaproszenia+do+sk%C5%82adania+ofert+sprzeda%C5%BCy+akcji+Asseco+Business+Solutions+S.A.', 3),
('27-08-2024 17:11:05', 'UNTITLED Półroczny REPORT', 'Półroczny', 'ESPI', -0.37, 93.45, 'https://www.gpw.pl/komunikat?geru_id=451409', 3),
('05-08-2024 17:09:08', 'Powiadomienie o transakcjach c', 'Bieżący', 'ESPI', 4.21, 54.4, 'https://www.gpw.pl/komunikat?geru_id=450580&title=Powiadomienie+o+transakcjach+c', 3),
('02-08-2024 17:12:31', 'UNTITLED Półroczny REPORT', 'Półroczny', 'ESPI', 0.62, 48.9, 'https://www.gpw.pl/komunikat?geru_id=450511', 3),
('01-08-2024 17:40:16', 'UNTITLED Półroczny REPORT', 'Półroczny', 'ESPI', 4.21, 54.4, 'https://www.gpw.pl/komunikat?geru_id=450441', 3),
('29-07-2024 20:53:30', 'Ustalenie tekstu jednolitego Statutu Asseco Business Solutions S.A.', 'Bieżący', 'ESPI', 4.21, 54.4, 'https://www.gpw.pl/komunikat?geru_id=450238&title=Ustalenie+tekstu+jednolitego+Statutu+Asseco+Business+Solutions+S.A.', 3),
('26-07-2024 15:56:46', 'Rejestracja zmian statutu Spółki', 'Bieżący', 'ESPI', 4.21, 54.4, 'https://www.gpw.pl/komunikat?geru_id=450148&title=Rejestracja+zmian+statutu+Sp%C3%B3%C5%82ki', 3),
('25-07-2024 17:51:22', 'Informacja o szacunkowych wybranych wynikach finansowych za I półrocze 2024 roku', 'Bieżący', 'ESPI', 0.62, 48.9, 'https://www.gpw.pl/komunikat?geru_id=450083&title=Informacja+o+szacunkowych+wybranych+wynikach+finansowych+za+I+p%C3%B3%C5%82rocze+2024+roku', 3),
('25-07-2024 15:55:47', 'Wykaz Akcjonariuszy reprezentujących ponad 5% głosów na NWZ Asseco Business Solutions S.A.', 'Bieżący', 'ESPI', 4.21, 54.4, 'https://www.gpw.pl/komunikat?geru_id=450071&title=Wykaz+Akcjonariuszy+reprezentuj%C4%85cych+ponad+5%25+g%C5%82os%C3%B3w+na+NWZ+Asseco+Business+Solutions+S.A.', 3),
('25-07-2024 15:54:46', 'Powołanie Członka Rady Nadzorczej Asseco Business Solutions S.A.', 'Bieżący', 'ESPI', 4.21, 54.4, 'https://www.gpw.pl/komunikat?geru_id=450070&title=Powo%C5%82anie+Cz%C5%82onka+Rady+Nadzorczej+Asseco+Business+Solutions+S.A.', 3),
('25-07-2024 15:51:45', 'Treść uchwał podjętych przez Nadzwyczajne Walne Zgromadzenie Asseco Business Solutions S.A. w dniu 25 lipca 2024 r.', 'Bieżący', 'ESPI', 4.21, 54.4, 'https://www.gpw.pl/komunikat?geru_id=450068&title=Tre%C5%9B%C4%87+uchwa%C5%82+podj%C4%99tych+przez+Nadzwyczajne+Walne+Zgromadzenie+Asseco+Business+Solutions+S.A.+w+dniu+25+lipca+2024+r.', 3),
('10-07-2024 16:11:23', 'Informacja o kandydacie do Rady Nadzorczej Asseco Business Solutions S.A.', 'Bieżący', 'ESPI', 4.21, 54.4, 'https://www.gpw.pl/komunikat?geru_id=447142&title=Informacja+o+kandydacie+do+Rady+Nadzorczej+Asseco+Business+Solutions+S.A.', 3),
('01-07-2024 18:37:57', 'Zawarcie ramowej umowy nabycia udziałów przez spółkę zależną - Payten Holding S.A. - w spółkach Paygate India Private Limited w Indiach oraz Paygate Limited w Zjednoczonych Emiratach Arabskich (Emirat Dubaj)', 'Bieżący', 'ESPI', 0.62, 48.9, 'https://www.gpw.pl/komunikat?geru_id=444827&title=Zawarcie+ramowej+umowy+nabycia+udzia%C5%82%C3%B3w+przez+sp%C3%B3%C5%82k%C4%99+zale%C5%BCn%C4%85+-+Payten+Holding+S.A.+-+w+sp%C3%B3%C5%82kach+Paygate+India+Private+Limited+w+Indiach+oraz+Paygate+Limited+w+Zjednoczonych+Emiratach+Arabskich+Emirat+Dubaj', 3),
('01-07-2024 16:01:26', 'Informacja o transakcjach w trybie art. 19 MAR', 'Bieżący', 'ESPI', 0.62, 48.9, 'https://www.gpw.pl/komunikat?geru_id=444805&title=Informacja+o+transakcjach+w+trybie+art.+19+MAR', 3),
('21-11-2024 20:29:18', 'UNTITLED Kwartalny REPORT', 'Kwartalny', 'ESPI', -1.86, 21.15, 'https://www.gpw.pl/komunikat?geru_id=455922', 7),
('02-10-2024 17:17:11', 'Informacja o skonsolidowanych przychodach ze sprzedaży za III kwartał 2024 r.', 'Bieżący', 'ESPI', -1.86, 21.15, 'https://www.gpw.pl/komunikat?geru_id=453509&title=Informacja+o+skonsolidowanych+przychodach+ze+sprzeda%C5%BCy+za+III+kwarta%C5%82+2024+r.', 7),
('12-09-2024 20:21:42', 'UNTITLED Półroczny REPORT', 'Półroczny', 'ESPI', -1.86, 21.15, 'https://www.gpw.pl/komunikat?geru_id=452371', 7),
('18-07-2024 13:31:48', 'Wybór biegłego rewidenta.', 'Bieżący', 'ESPI', -1.86, 21.15, 'https://www.gpw.pl/komunikat?geru_id=449720&title=Wyb%C3%B3r+bieg%C5%82ego+rewidenta.', 7),
('15-07-2024 15:50:56', 'Zawiadomienie o rejestracji przez Sąd zmiany wysokości kapitału zakładowego Wittchen S.A.', 'Bieżący', 'ESPI', -1.86, 21.15, 'https://www.gpw.pl/komunikat?geru_id=448560&title=Zawiadomienie+o+rejestracji+przez+S%C4%85d+zmiany+wysoko%C5%9Bci+kapita%C5%82u+zak%C5%82adowego+Wittchen+S.A.', 7),
('02-07-2024 17:47:29', 'Informacja o skonsolidowanych przychodach ze sprzedaży za II kwartał 2024 r.', 'Bieżący', 'ESPI', -1.86, 21.15, 'https://www.gpw.pl/komunikat?geru_id=444915&title=Informacja+o+skonsolidowanych+przychodach+ze+sprzeda%C5%BCy+za+II+kwarta%C5%82+2024+r.', 7),
('11-06-2024 12:44:12', 'Asymilacja akcji zwykłych na okaziciela Emitenta.', 'Bieżący', 'ESPI', -1.86, 21.15, 'https://www.gpw.pl/komunikat?geru_id=442984&title=Asymilacja+akcji+zwyk%C5%82ych+na+okaziciela+Emitenta.', 7),
('07-06-2024 20:04:11', 'Dopuszczenie i wprowadzenie do obrotu giełdowego na Głównym Rynku GPW akcji zwykłych \nna okaziciela serii E spółki WITTCHEN S.A.', 'Bieżący', 'ESPI', -1.86, 21.15, 'https://www.gpw.pl/komunikat?geru_id=442886&title=Dopuszczenie+i+wprowadzenie+do+obrotu+gie%C5%82dowego+na+G%C5%82%C3%B3wnym+Rynku+GPW+akcji+zwyk%C5%82ych+%0Ana+okaziciela+serii+E+sp%C3%B3%C5%82ki+WITTCHEN+S.A.', 7),
('23-05-2024 20:08:47', 'UNTITLED Kwartalny REPORT', 'Kwartalny', 'ESPI', -1.86, 21.15, 'https://www.gpw.pl/komunikat?geru_id=441637', 7),
('22-05-2024 14:54:14', 'Zgłoszenie przez akcjonariusza projektu uchwały dotyczącej sprawy objętej porządkiem obrad oraz treść uchwał podjętych przez Zwyczajne Walne Zgromadzenie Wittchen S.A. w dniu 22 maja 2024 r.', 'Bieżący', 'ESPI', -1.86, 21.15, 'https://www.gpw.pl/komunikat?geru_id=441407&title=Zg%C5%82oszenie+przez+akcjonariusza+projektu+uchwa%C5%82y+dotycz%C4%85cej+sprawy+obj%C4%99tej+porz%C4%85dkiem+obrad+oraz+tre%C5%9B%C4%87+uchwa%C5%82+podj%C4%99tych+przez+Zwyczajne+Walne+Zgromadzenie+Wittchen+S.A.+w+dniu+22+maja+2024+r.', 7),
('22-05-2024 13:59:56', 'Powołanie Członków Rady Nadzorczej Wittchen S.A. nowej kadencji', 'Bieżący', 'ESPI', -1.86, 21.15, 'https://www.gpw.pl/komunikat?geru_id=441401&title=Powo%C5%82anie+Cz%C5%82onk%C3%B3w+Rady+Nadzorczej+Wittchen+S.A.+nowej+kadencji', 7),
('22-05-2024 13:53:54', 'Wykaz akcjonariuszy posiadających co najmniej 5% liczby głosów na Zwyczajnym Walnym Zgromadzeniu Wittchen S.A. w dniu 22 maja 2024 r.', 'Bieżący', 'ESPI', -1.86, 21.15, 'https://www.gpw.pl/komunikat?geru_id=441398&title=Wykaz+akcjonariuszy+posiadaj%C4%85cych+co+najmniej+5%25+liczby+g%C5%82os%C3%B3w+na+Zwyczajnym+Walnym+Zgromadzeniu+Wittchen+S.A.+w+dniu+22+maja+2024+r.', 7),
('22-05-2024 13:43:40', 'Informacja o wypłacie dywidendy', 'Bieżący', 'ESPI', -1.86, 21.15, 'https://www.gpw.pl/komunikat?geru_id=441392&title=Informacja+o+wyp%C5%82acie+dywidendy', 7),
('17-05-2024 14:20:45', 'Wydanie akcji zwykłych na okaziciela serii E i zmiana wysokości kapitału zakładowego spółki Wittchen S.A.', 'Bieżący', 'ESPI', -1.86, 21.15, 'https://www.gpw.pl/komunikat?geru_id=441064&title=Wydanie+akcji+zwyk%C5%82ych+na+okaziciela+serii+E+i+zmiana+wysoko%C5%9Bci+kapita%C5%82u+zak%C5%82adowego+sp%C3%B3%C5%82ki+Wittchen+S.A.', 7),
('26-04-2024 12:27:34', 'Powiadomienia o transakcjach uzyskane w trybie art. 19 MAR.', 'Bieżący', 'ESPI', -1.86, 21.15, 'https://www.gpw.pl/komunikat?geru_id=439610&title=Powiadomienia+o+transakcjach+uzyskane+w+trybie+art.+19+MAR.', 7),
('26-04-2024 11:58:31', 'Realizacja praw z warrantów subskrypcyjnych serii C w związku z realizacją III Programu Motywacyjnego Wittchen S.A.', 'Bieżący', 'ESPI', -1.86, 21.15, 'https://www.gpw.pl/komunikat?geru_id=439608&title=Realizacja+praw+z+warrant%C3%B3w+subskrypcyjnych+serii+C+w+zwi%C4%85zku+z+realizacj%C4%85+III+Programu+Motywacyjnego+Wittchen+S.A.', 7),
('24-04-2024 12:33:50', 'Zwołanie Zwyczajnego Walnego Zgromadzenia Wittchen S.A.', 'Bieżący', 'ESPI', -1.86, 21.15, 'https://www.gpw.pl/komunikat?geru_id=439257&title=Zwo%C5%82anie+Zwyczajnego+Walnego+Zgromadzenia+Wittchen+S.A.', 7),
('23-04-2024 13:29:31', 'Pozytywna ocena Rady Nadzorczej dotycząca rekomendacji Zarządu w sprawie podziału zysku netto za 2023 rok oraz wypłaty dywidendy', 'Bieżący', 'ESPI', -1.86, 21.15, 'https://www.gpw.pl/komunikat?geru_id=439127&title=Pozytywna+ocena+Rady+Nadzorczej+dotycz%C4%85ca+rekomendacji+Zarz%C4%85du+w+sprawie+podzia%C5%82u+zysku+netto+za+2023+rok+oraz+wyp%C5%82aty+dywidendy', 7),
('18-04-2024 23:57:45', 'Rekomendacja Zarządu dotycząca podziału zysku netto Spółki za rok 2023 oraz wypłaty dywidendy', 'Bieżący', 'ESPI', -1.86, 21.15, 'https://www.gpw.pl/komunikat?geru_id=438910&title=Rekomendacja+Zarz%C4%85du+dotycz%C4%85ca+podzia%C5%82u+zysku+netto+Sp%C3%B3%C5%82ki+za+rok+2023+oraz+wyp%C5%82aty+dywidendy', 7),
('18-04-2024 23:54:23', 'UNTITLED Bieżący REPORT', 'Bieżący', 'ESPI', -1.86, 21.15, 'https://www.gpw.pl/komunikat?geru_id=438909', 7),
('27-11-2024 17:48:34', 'UNTITLED Kwartalny REPORT', 'Kwartalny', 'ESPI', -0.53, 93.3, 'https://www.gpw.pl/komunikat?geru_id=456189', 3),
('25-10-2024 17:27:19', 'UNTITLED Kwartalny REPORT', 'Kwartalny', 'ESPI', 4.21, 54.4, 'https://www.gpw.pl/komunikat?geru_id=454583', 3),
('23-10-2024 17:57:55', 'UNTITLED Kwartalny REPORT', 'Kwartalny', 'ESPI', 0.62, 48.9, 'https://www.gpw.pl/komunikat?geru_id=454448', 3),
('20-09-2024 21:05:12', 'Powiadomienie o transakcji w trybie art. 19 MAR', 'Bieżący', 'ESPI', 4.21, 54.4, 'https://www.gpw.pl/komunikat?geru_id=452770&title=Powiadomienie+o+transakcji+w+trybie+art.+19+MAR', 3),
('19-09-2024 15:41:53', 'Nabycie praw z akcji własnych w związku z rozliczeniem ofert w ramach skupu akcji własnych Spółki', 'Bieżący', 'ESPI', 4.21, 54.4, 'https://www.gpw.pl/komunikat?geru_id=452663&title=Nabycie+praw+z+akcji+w%C5%82asnych+w+zwi%C4%85zku+z+rozliczeniem+ofert+w+ramach+skupu+akcji+w%C5%82asnych+Sp%C3%B3%C5%82ki', 3),
('17-09-2024 17:09:42', 'Zakończenie przyjmowania ofert w ramach skupu akcji własnych Spółki; informacja o liczbie akcji przeznaczonych do nabycia oraz planowanym terminie rozliczenia transakcji', 'Bieżący', 'ESPI', 4.21, 54.4, 'https://www.gpw.pl/komunikat?geru_id=452539&title=Zako%C5%84czenie+przyjmowania+ofert+w+ramach+skupu+akcji+w%C5%82asnych+Sp%C3%B3%C5%82ki%3B+informacja+o+liczbie+akcji+przeznaczonych+do+nabycia+oraz+planowanym+terminie+rozliczenia+transakcji', 3),
('03-09-2024 18:04:31', 'Ogłoszenie zaproszenia do składania ofert sprzedaży akcji Asseco Business Solutions S.A.', 'Bieżący', 'ESPI', 4.21, 54.4, 'https://www.gpw.pl/komunikat?geru_id=451921&title=Og%C5%82oszenie+zaproszenia+do+sk%C5%82adania+ofert+sprzeda%C5%BCy+akcji+Asseco+Business+Solutions+S.A.', 3),
('27-08-2024 17:11:05', 'UNTITLED Półroczny REPORT', 'Półroczny', 'ESPI', -0.53, 93.3, 'https://www.gpw.pl/komunikat?geru_id=451409', 3),
('05-08-2024 17:09:08', 'Powiadomienie o transakcjach c', 'Bieżący', 'ESPI', 4.21, 54.4, 'https://www.gpw.pl/komunikat?geru_id=450580&title=Powiadomienie+o+transakcjach+c', 3),
('02-08-2024 17:12:31', 'UNTITLED Półroczny REPORT', 'Półroczny', 'ESPI', 0.62, 48.9, 'https://www.gpw.pl/komunikat?geru_id=450511', 3),
('01-08-2024 17:40:16', 'UNTITLED Półroczny REPORT', 'Półroczny', 'ESPI', 4.21, 54.4, 'https://www.gpw.pl/komunikat?geru_id=450441', 3),
('29-07-2024 20:53:30', 'Ustalenie tekstu jednolitego Statutu Asseco Business Solutions S.A.', 'Bieżący', 'ESPI', 4.21, 54.4, 'https://www.gpw.pl/komunikat?geru_id=450238&title=Ustalenie+tekstu+jednolitego+Statutu+Asseco+Business+Solutions+S.A.', 3),
('26-07-2024 15:56:46', 'Rejestracja zmian statutu Spółki', 'Bieżący', 'ESPI', 4.21, 54.4, 'https://www.gpw.pl/komunikat?geru_id=450148&title=Rejestracja+zmian+statutu+Sp%C3%B3%C5%82ki', 3),
('25-07-2024 17:51:22', 'Informacja o szacunkowych wybranych wynikach finansowych za I półrocze 2024 roku', 'Bieżący', 'ESPI', 0.62, 48.9, 'https://www.gpw.pl/komunikat?geru_id=450083&title=Informacja+o+szacunkowych+wybranych+wynikach+finansowych+za+I+p%C3%B3%C5%82rocze+2024+roku', 3),
('25-07-2024 15:55:47', 'Wykaz Akcjonariuszy reprezentujących ponad 5% głosów na NWZ Asseco Business Solutions S.A.', 'Bieżący', 'ESPI', 4.21, 54.4, 'https://www.gpw.pl/komunikat?geru_id=450071&title=Wykaz+Akcjonariuszy+reprezentuj%C4%85cych+ponad+5%25+g%C5%82os%C3%B3w+na+NWZ+Asseco+Business+Solutions+S.A.', 3),
('25-07-2024 15:54:46', 'Powołanie Członka Rady Nadzorczej Asseco Business Solutions S.A.', 'Bieżący', 'ESPI', 4.21, 54.4, 'https://www.gpw.pl/komunikat?geru_id=450070&title=Powo%C5%82anie+Cz%C5%82onka+Rady+Nadzorczej+Asseco+Business+Solutions+S.A.', 3),
('25-07-2024 15:51:45', 'Treść uchwał podjętych przez Nadzwyczajne Walne Zgromadzenie Asseco Business Solutions S.A. w dniu 25 lipca 2024 r.', 'Bieżący', 'ESPI', 4.21, 54.4, 'https://www.gpw.pl/komunikat?geru_id=450068&title=Tre%C5%9B%C4%87+uchwa%C5%82+podj%C4%99tych+przez+Nadzwyczajne+Walne+Zgromadzenie+Asseco+Business+Solutions+S.A.+w+dniu+25+lipca+2024+r.', 3),
('10-07-2024 16:11:23', 'Informacja o kandydacie do Rady Nadzorczej Asseco Business Solutions S.A.', 'Bieżący', 'ESPI', 4.21, 54.4, 'https://www.gpw.pl/komunikat?geru_id=447142&title=Informacja+o+kandydacie+do+Rady+Nadzorczej+Asseco+Business+Solutions+S.A.', 3),
('01-07-2024 18:37:57', 'Zawarcie ramowej umowy nabycia udziałów przez spółkę zależną - Payten Holding S.A. - w spółkach Paygate India Private Limited w Indiach oraz Paygate Limited w Zjednoczonych Emiratach Arabskich (Emirat Dubaj)', 'Bieżący', 'ESPI', 0.62, 48.9, 'https://www.gpw.pl/komunikat?geru_id=444827&title=Zawarcie+ramowej+umowy+nabycia+udzia%C5%82%C3%B3w+przez+sp%C3%B3%C5%82k%C4%99+zale%C5%BCn%C4%85+-+Payten+Holding+S.A.+-+w+sp%C3%B3%C5%82kach+Paygate+India+Private+Limited+w+Indiach+oraz+Paygate+Limited+w+Zjednoczonych+Emiratach+Arabskich+Emirat+Dubaj', 3),
('01-07-2024 16:01:26', 'Informacja o transakcjach w trybie art. 19 MAR', 'Bieżący', 'ESPI', 0.62, 48.9, 'https://www.gpw.pl/komunikat?geru_id=444805&title=Informacja+o+transakcjach+w+trybie+art.+19+MAR', 3),
('21-11-2024 20:29:18', 'UNTITLED Kwartalny REPORT', 'Kwartalny', 'ESPI', -2.32, 21.05, 'https://www.gpw.pl/komunikat?geru_id=455922', 7),
('02-10-2024 17:17:11', 'Informacja o skonsolidowanych przychodach ze sprzedaży za III kwartał 2024 r.', 'Bieżący', 'ESPI', -2.32, 21.05, 'https://www.gpw.pl/komunikat?geru_id=453509&title=Informacja+o+skonsolidowanych+przychodach+ze+sprzeda%C5%BCy+za+III+kwarta%C5%82+2024+r.', 7),
('12-09-2024 20:21:42', 'UNTITLED Półroczny REPORT', 'Półroczny', 'ESPI', -2.32, 21.05, 'https://www.gpw.pl/komunikat?geru_id=452371', 7),
('18-07-2024 13:31:48', 'Wybór biegłego rewidenta.', 'Bieżący', 'ESPI', -2.32, 21.05, 'https://www.gpw.pl/komunikat?geru_id=449720&title=Wyb%C3%B3r+bieg%C5%82ego+rewidenta.', 7),
('15-07-2024 15:50:56', 'Zawiadomienie o rejestracji przez Sąd zmiany wysokości kapitału zakładowego Wittchen S.A.', 'Bieżący', 'ESPI', -2.32, 21.05, 'https://www.gpw.pl/komunikat?geru_id=448560&title=Zawiadomienie+o+rejestracji+przez+S%C4%85d+zmiany+wysoko%C5%9Bci+kapita%C5%82u+zak%C5%82adowego+Wittchen+S.A.', 7),
('02-07-2024 17:47:29', 'Informacja o skonsolidowanych przychodach ze sprzedaży za II kwartał 2024 r.', 'Bieżący', 'ESPI', -2.32, 21.05, 'https://www.gpw.pl/komunikat?geru_id=444915&title=Informacja+o+skonsolidowanych+przychodach+ze+sprzeda%C5%BCy+za+II+kwarta%C5%82+2024+r.', 7),
('11-06-2024 12:44:12', 'Asymilacja akcji zwykłych na okaziciela Emitenta.', 'Bieżący', 'ESPI', -2.32, 21.05, 'https://www.gpw.pl/komunikat?geru_id=442984&title=Asymilacja+akcji+zwyk%C5%82ych+na+okaziciela+Emitenta.', 7),
('07-06-2024 20:04:11', 'Dopuszczenie i wprowadzenie do obrotu giełdowego na Głównym Rynku GPW akcji zwykłych \nna okaziciela serii E spółki WITTCHEN S.A.', 'Bieżący', 'ESPI', -2.32, 21.05, 'https://www.gpw.pl/komunikat?geru_id=442886&title=Dopuszczenie+i+wprowadzenie+do+obrotu+gie%C5%82dowego+na+G%C5%82%C3%B3wnym+Rynku+GPW+akcji+zwyk%C5%82ych+%0Ana+okaziciela+serii+E+sp%C3%B3%C5%82ki+WITTCHEN+S.A.', 7),
('23-05-2024 20:08:47', 'UNTITLED Kwartalny REPORT', 'Kwartalny', 'ESPI', -2.32, 21.05, 'https://www.gpw.pl/komunikat?geru_id=441637', 7),
('22-05-2024 14:54:14', 'Zgłoszenie przez akcjonariusza projektu uchwały dotyczącej sprawy objętej porządkiem obrad oraz treść uchwał podjętych przez Zwyczajne Walne Zgromadzenie Wittchen S.A. w dniu 22 maja 2024 r.', 'Bieżący', 'ESPI', -2.32, 21.05, 'https://www.gpw.pl/komunikat?geru_id=441407&title=Zg%C5%82oszenie+przez+akcjonariusza+projektu+uchwa%C5%82y+dotycz%C4%85cej+sprawy+obj%C4%99tej+porz%C4%85dkiem+obrad+oraz+tre%C5%9B%C4%87+uchwa%C5%82+podj%C4%99tych+przez+Zwyczajne+Walne+Zgromadzenie+Wittchen+S.A.+w+dniu+22+maja+2024+r.', 7),
('22-05-2024 13:59:56', 'Powołanie Członków Rady Nadzorczej Wittchen S.A. nowej kadencji', 'Bieżący', 'ESPI', -2.32, 21.05, 'https://www.gpw.pl/komunikat?geru_id=441401&title=Powo%C5%82anie+Cz%C5%82onk%C3%B3w+Rady+Nadzorczej+Wittchen+S.A.+nowej+kadencji', 7),
('22-05-2024 13:53:54', 'Wykaz akcjonariuszy posiadających co najmniej 5% liczby głosów na Zwyczajnym Walnym Zgromadzeniu Wittchen S.A. w dniu 22 maja 2024 r.', 'Bieżący', 'ESPI', -2.32, 21.05, 'https://www.gpw.pl/komunikat?geru_id=441398&title=Wykaz+akcjonariuszy+posiadaj%C4%85cych+co+najmniej+5%25+liczby+g%C5%82os%C3%B3w+na+Zwyczajnym+Walnym+Zgromadzeniu+Wittchen+S.A.+w+dniu+22+maja+2024+r.', 7),
('22-05-2024 13:43:40', 'Informacja o wypłacie dywidendy', 'Bieżący', 'ESPI', -2.32, 21.05, 'https://www.gpw.pl/komunikat?geru_id=441392&title=Informacja+o+wyp%C5%82acie+dywidendy', 7),
('17-05-2024 14:20:45', 'Wydanie akcji zwykłych na okaziciela serii E i zmiana wysokości kapitału zakładowego spółki Wittchen S.A.', 'Bieżący', 'ESPI', -2.32, 21.05, 'https://www.gpw.pl/komunikat?geru_id=441064&title=Wydanie+akcji+zwyk%C5%82ych+na+okaziciela+serii+E+i+zmiana+wysoko%C5%9Bci+kapita%C5%82u+zak%C5%82adowego+sp%C3%B3%C5%82ki+Wittchen+S.A.', 7),
('26-04-2024 12:27:34', 'Powiadomienia o transakcjach uzyskane w trybie art. 19 MAR.', 'Bieżący', 'ESPI', -2.32, 21.05, 'https://www.gpw.pl/komunikat?geru_id=439610&title=Powiadomienia+o+transakcjach+uzyskane+w+trybie+art.+19+MAR.', 7),
('26-04-2024 11:58:31', 'Realizacja praw z warrantów subskrypcyjnych serii C w związku z realizacją III Programu Motywacyjnego Wittchen S.A.', 'Bieżący', 'ESPI', -2.32, 21.05, 'https://www.gpw.pl/komunikat?geru_id=439608&title=Realizacja+praw+z+warrant%C3%B3w+subskrypcyjnych+serii+C+w+zwi%C4%85zku+z+realizacj%C4%85+III+Programu+Motywacyjnego+Wittchen+S.A.', 7),
('24-04-2024 12:33:50', 'Zwołanie Zwyczajnego Walnego Zgromadzenia Wittchen S.A.', 'Bieżący', 'ESPI', -2.32, 21.05, 'https://www.gpw.pl/komunikat?geru_id=439257&title=Zwo%C5%82anie+Zwyczajnego+Walnego+Zgromadzenia+Wittchen+S.A.', 7),
('23-04-2024 13:29:31', 'Pozytywna ocena Rady Nadzorczej dotycząca rekomendacji Zarządu w sprawie podziału zysku netto za 2023 rok oraz wypłaty dywidendy', 'Bieżący', 'ESPI', -2.32, 21.05, 'https://www.gpw.pl/komunikat?geru_id=439127&title=Pozytywna+ocena+Rady+Nadzorczej+dotycz%C4%85ca+rekomendacji+Zarz%C4%85du+w+sprawie+podzia%C5%82u+zysku+netto+za+2023+rok+oraz+wyp%C5%82aty+dywidendy', 7),
('18-04-2024 23:57:45', 'Rekomendacja Zarządu dotycząca podziału zysku netto Spółki za rok 2023 oraz wypłaty dywidendy', 'Bieżący', 'ESPI', -2.32, 21.05, 'https://www.gpw.pl/komunikat?geru_id=438910&title=Rekomendacja+Zarz%C4%85du+dotycz%C4%85ca+podzia%C5%82u+zysku+netto+Sp%C3%B3%C5%82ki+za+rok+2023+oraz+wyp%C5%82aty+dywidendy', 7),
('18-04-2024 23:54:23', 'UNTITLED Bieżący REPORT', 'Bieżący', 'ESPI', -2.32, 21.05, 'https://www.gpw.pl/komunikat?geru_id=438909', 7),
('18-04-2024 23:50:11', 'UNTITLED Bieżący REPORT', 'Bieżący', 'ESPI', -2.32, 21.05, 'https://www.gpw.pl/komunikat?geru_id=438907', 7),
('16-04-2024 15:46:55', 'Odwołanie Członków Zarządu i powołanie Członków Zarządu Wittchen S.A. nowej kadencji', 'Bieżący', 'ESPI', -2.32, 21.05, 'https://www.gpw.pl/komunikat?geru_id=438684&title=Odwo%C5%82anie+Cz%C5%82onk%C3%B3w+Zarz%C4%85du+i+powo%C5%82anie+Cz%C5%82onk%C3%B3w+Zarz%C4%85du+Wittchen+S.A.+nowej+kadencji', 7),
('03-04-2024 17:12:40', 'Informacja o skonsolidowanych przychodach ze sprzedaży za I kwartał 2024 r.', 'Bieżący', 'ESPI', -2.32, 21.05, 'https://www.gpw.pl/komunikat?geru_id=437969&title=Informacja+o+skonsolidowanych+przychodach+ze+sprzeda%C5%BCy+za+I+kwarta%C5%82+2024+r.', 7),
('28-02-2024 11:10:28', 'Powiadomienie o transakcjach na akcjach WITTCHEN S.A.', 'Bieżący', 'ESPI', -2.32, 21.05, 'https://www.gpw.pl/komunikat?geru_id=436055&title=Powiadomienie+o+transakcjach+na+akcjach+WITTCHEN+S.A.', 7),
('28-02-2024 10:54:22', 'Zawiadomienie o dokonaniu czynności reorganizacyjnych dotyczących udziałów w spółce GOLD TOWN INV. LIMITED', 'Bieżący', 'ESPI', -2.32, 21.05, 'https://www.gpw.pl/komunikat?geru_id=436054&title=Zawiadomienie+o+dokonaniu+czynno%C5%9Bci+reorganizacyjnych+dotycz%C4%85cych+udzia%C5%82%C3%B3w+w+sp%C3%B3%C5%82ce+GOLD+TOWN+INV.+LIMITED', 7),
('24-01-2024 09:47:04', 'Terminy publikacji raportów okresowych w 2024 roku.', 'Bieżący', 'ESPI', -2.32, 21.05, 'https://www.gpw.pl/komunikat?geru_id=434350&title=Terminy+publikacji+raport%C3%B3w+okresowych+w+2024+roku.', 7),
('03-01-2024 17:11:22', 'Informacja o skonsolidowanych przychodach ze sprzedaży za IV kwartał 2023 r.', 'Bieżący', 'ESPI', -2.32, 21.05, 'https://www.gpw.pl/komunikat?geru_id=433350&title=Informacja+o+skonsolidowanych+przychodach+ze+sprzeda%C5%BCy+za+IV+kwarta%C5%82+2023+r.', 7),
('15-12-2023 10:33:34', 'Zawiadomienie o rejestracji przez Sąd zmiany wysokości kapitału zakładowego Wittchen S.A.', 'Bieżący', 'ESPI', -2.32, 21.05, 'https://www.gpw.pl/komunikat?geru_id=432497&title=Zawiadomienie+o+rejestracji+przez+S%C4%85d+zmiany+wysoko%C5%9Bci+kapita%C5%82u+zak%C5%82adowego+Wittchen+S.A.', 7),
('23-11-2023 22:12:17', 'UNTITLED Kwartalny REPORT', 'Kwartalny', 'ESPI', -2.32, 21.05, 'https://www.gpw.pl/komunikat?geru_id=431312', 7),
('03-10-2023 16:12:33', 'Informacja o skonsolidowanych przychodach ze sprzedaży za III kwartał 2023', 'Bieżący', 'ESPI', -2.32, 21.05, 'https://www.gpw.pl/komunikat?geru_id=428077&title=Informacja+o+skonsolidowanych+przychodach+ze+sprzeda%C5%BCy+za+III+kwarta%C5%82+2023', 7),
('18-09-2023 19:51:04', 'UNTITLED Półroczny REPORT', 'Półroczny', 'ESPI', -2.32, 21.05, 'https://www.gpw.pl/komunikat?geru_id=427149', 7),
('18-09-2023 18:48:57', 'Informacja o korekcie SKONSOLIDOWANEGO PÓŁROCZNEGO RAPORTU GRUPY KAPITAŁOWEJ WITTCHEN S.A. ZA I PÓŁROCZE 2022 ROKU', 'Bieżący', 'ESPI', -2.32, 21.05, 'https://www.gpw.pl/komunikat?geru_id=427146&title=Informacja+o+korekcie+SKONSOLIDOWANEGO+P%C3%93%C5%81ROCZNEGO+RAPORTU+GRUPY+KAPITA%C5%81OWEJ+WITTCHEN+S.A.+ZA+I+P%C3%93%C5%81ROCZE+2022+ROKU', 7),
('14-09-2023 19:47:51', 'UNTITLED Półroczny REPORT', 'Półroczny', 'ESPI', -2.32, 21.05, 'https://www.gpw.pl/komunikat?geru_id=427014', 7),
('05-09-2023 13:58:34', 'Zmiana terminu publikacji raportu okresowego za I półrocze 2023 roku', 'Bieżący', 'ESPI', -2.32, 21.05, 'https://www.gpw.pl/komunikat?geru_id=426561&title=Zmiana+terminu+publikacji+raportu+okresowego+za+I+p%C3%B3%C5%82rocze+2023+roku', 7),
('30-08-2023 13:17:21', 'Aktualizacja informacji o wyborze firmy audytorskiej.', 'Bieżący', 'ESPI', -2.32, 21.05, 'https://www.gpw.pl/komunikat?geru_id=426252&title=Aktualizacja+informacji+o+wyborze+firmy+audytorskiej.', 7),
('04-07-2023 16:24:32', 'Informacja o skonsolidowanych przychodach ze sprzedaży za II kwartał 2023', 'Bieżący', 'ESPI', -2.32, 21.05, 'https://www.gpw.pl/komunikat?geru_id=423862&title=Informacja+o+skonsolidowanych+przychodach+ze+sprzeda%C5%BCy+za+II+kwarta%C5%82+2023', 7),
('07-06-2023 16:44:43', 'Asymilacja akcji zwykłych na okaziciela Emitenta.', 'Bieżący', 'ESPI', -2.32, 21.05, 'https://www.gpw.pl/komunikat?geru_id=421892&title=Asymilacja+akcji+zwyk%C5%82ych+na+okaziciela+Emitenta.', 7),
('06-06-2023 11:21:25', 'Zawiadomienie o zmianie udziału w głosach WITTCHEN S.A.', 'Bieżący', 'ESPI', -2.32, 21.05, 'https://www.gpw.pl/komunikat?geru_id=421735&title=Zawiadomienie+o+zmianie+udzia%C5%82u+w+g%C5%82osach+WITTCHEN+S.A.', 7),
('06-06-2023 09:59:17', 'Powiadomienie o transakcjach na akcjach WITTCHEN S.A.', 'Bieżący', 'ESPI', -2.32, 21.05, 'https://www.gpw.pl/komunikat?geru_id=421730&title=Powiadomienie+o+transakcjach+na+akcjach+WITTCHEN+S.A.', 7),
('27-05-2024 19:09:30', 'Grupa Kęty Spółka Akcyjna Raport dotyczący incydentalnego naruszenia Dobrych Praktyk', 'Bieżący', 'EBI', 1.05, 719.5, 'https://www.gpw.pl/komunikat?geru_id=441933&title=Grupa+K%C4%99ty+Sp%C3%B3%C5%82ka+Akcyjna+Raport+dotycz%C4%85cy+incydentalnego+naruszenia+Dobrych+Praktyk', 5),
('20-06-2023 15:06:13', 'Grupa Kęty Spółka Akcyjna Raport dotyczący incydentalnego naruszenia Dobrych Praktyk', 'Bieżący', 'EBI', 1.05, 719.5, 'https://www.gpw.pl/komunikat?geru_id=422570&title=Grupa+K%C4%99ty+Sp%C3%B3%C5%82ka+Akcyjna+Raport+dotycz%C4%85cy+incydentalnego+naruszenia+Dobrych+Praktyk', 5),
('25-05-2022 18:32:47', 'Grupa Kęty Spółka Akcyjna  - informacja o stanie stosowania Dobrych Praktyk 2021', 'Bieżący', 'EBI', 1.05, 719.5, 'https://www.gpw.pl/komunikat?geru_id=397325&title=Grupa+K%C4%99ty+Sp%C3%B3%C5%82ka+Akcyjna+-+informacja+o+stanie+stosowania+Dobrych+Praktyk+2021', 5),
('30-07-2021 16:08:08', 'Grupa Kęty Spółka Akcyjna  - informacja o stanie stosowania Dobrych Praktyk 2021', 'Bieżący', 'EBI', 1.05, 719.5, 'https://www.gpw.pl/komunikat?geru_id=379860&title=Grupa+K%C4%99ty+Sp%C3%B3%C5%82ka+Akcyjna+-+informacja+o+stanie+stosowania+Dobrych+Praktyk+2021', 5),
('16-03-2018 16:44:50', 'Dobre Praktyki na GPW 2016', 'Bieżący', 'EBI', 1.05, 719.5, 'https://www.gpw.pl/komunikat?geru_id=302565&title=+Dobre+Praktyki+na+GPW+2016+', 5),
('16-03-2017 17:15:52', 'Grupa Kęty Spółka Akcyjna Raport dotyczący zakresu stosowania Dobrych Praktyk', 'Bieżący', 'EBI', 1.05, 719.5, 'https://www.gpw.pl/komunikat?geru_id=276454&title=Grupa+K%C4%99ty+Sp%C3%B3%C5%82ka+Akcyjna+Raport+dotycz%C4%85cy+zakresu+stosowania+Dobrych+Praktyk', 5),
('16-03-2016 17:32:05', 'Grupa Kęty Spółka Akcyjna Raport dotyczący zakresu stosowania Dobrych Praktyk', 'Bieżący', 'EBI', 1.05, 719.5, 'https://www.gpw.pl/komunikat?geru_id=251618&title=Grupa+K%C4%99ty+Sp%C3%B3%C5%82ka+Akcyjna+Raport+dotycz%C4%85cy+zakresu+stosowania+Dobrych+Praktyk', 5),
('19-05-2014 12:52:35', 'Zgłoszenie kandydata na członka do Rady Nadzorczej', 'Bieżący', 'EBI', 1.05, 719.5, 'https://www.gpw.pl/komunikat?geru_id=209279&title=Zg%C5%82oszenie+kandydata+na+cz%C5%82onka+do+Rady+Nadzorczej', 5),
('05-12-2024 15:17:28', 'Wniosek Akcjonariusza o zwołanie Nadzwyczajnego Walnego Zgromadzenia', 'Bieżący', 'ESPI', 0.45, 18, 'https://www.gpw.pl/komunikat?geru_id=456714&title=Wniosek+Akcjonariusza+o+zwo%C5%82anie+Nadzwyczajnego+Walnego+Zgromadzenia', 6),
('05-12-2024 15:14:02', 'Zawarcie umowy przez Enter Air sp. z o.o. z TUI Poland sp. z o.o.', 'Bieżący', 'ESPI', 0.83, 60.6, 'https://www.gpw.pl/komunikat?geru_id=456712&title=Zawarcie+umowy+przez+Enter+Air+sp.+z+o.o.+z+TUI+Poland+sp.+z+o.o.', 6),
('05-12-2024 15:04:58', 'wykaz akcjonariuszy posiadających co najmniej 5 % liczby głosów na Nadzwyczajnym Walnym Zgromadzeniu Emitenta', 'Bieżący', 'ESPI', 6.85, 26.5, 'https://www.gpw.pl/komunikat?geru_id=456710&title=wykaz+akcjonariuszy+posiadaj%C4%85cych+co+najmniej+5+%25+liczby+g%C5%82os%C3%B3w+na+Nadzwyczajnym+Walnym+Zgromadzeniu+Emitenta', 6),
('05-12-2024 15:04:42', 'Podjęcie decyzji o przedterminowym wykupie obligacji serii P2A przez Alior Bank S.A.', 'Bieżący', 'ESPI', 1.69, 91.7, 'https://www.gpw.pl/komunikat?geru_id=456709&title=Podj%C4%99cie+decyzji+o+przedterminowym+wykupie+obligacji+serii+P2A+przez+Alior+Bank+S.A.', 6),
('05-12-2024 14:47:23', 'Skup Akcji Własnych', 'Bieżący', 'ESPI', 0.38, 5.22, 'https://www.gpw.pl/komunikat?geru_id=456707&title=Skup+Akcji+W%C5%82asnych', 6),
('05-12-2024 14:33:44', 'Podpisanie aneksu do listu intencyjnego dotyczącego inwestycji w CampusAI', 'Bieżący', 'ESPI', 1.32, 7.66, 'https://www.gpw.pl/komunikat?geru_id=456706&title=Podpisanie+aneksu+do+listu+intencyjnego+dotycz%C4%85cego+inwestycji+w+CampusAI', 6),
('05-12-2024 14:30:23', 'Wykaz akcjonariuszy posiadających co najmniej 5% liczby głosów na Nadzwyczajnym Walnym Zgromadzeniu spółki Grupa Azoty Zakłady Azotowe \"Puławy\" S.A. w dniu 5 grudnia 2024 roku.', 'Bieżący', 'ESPI', -1.09, 45.5, 'https://www.gpw.pl/komunikat?geru_id=456705&title=Wykaz+akcjonariuszy+posiadaj%C4%85cych+co+najmniej+5%25+liczby+g%C5%82os%C3%B3w+na+Nadzwyczajnym+Walnym+Zgromadzeniu+sp%C3%B3%C5%82ki+Grupa+Azoty+Zak%C5%82ady+Azotowe+%22Pu%C5%82awy%22+S.A.+w+dniu+5+grudnia+2024+roku.', 6),
('05-12-2024 14:26:49', 'Uchwały podjęte przez Nadzwyczajne Walne Zgromadzenie spółki Grupa Azoty Zakłady Azotowe \"Puławy\" S.A. w dniu 5 grudnia 2024 roku.', 'Bieżący', 'ESPI', -1.09, 45.5, 'https://www.gpw.pl/komunikat?geru_id=456704&title=Uchwa%C5%82y+podj%C4%99te+przez+Nadzwyczajne+Walne+Zgromadzenie+sp%C3%B3%C5%82ki+Grupa+Azoty+Zak%C5%82ady+Azotowe+%22Pu%C5%82awy%22+S.A.+w+dniu+5+grudnia+2024+roku.', 6),
('05-12-2024 14:24:51', 'Komunikat w sprawie daty rejestracji akcji serii J w KDPW', 'Bieżący', 'ESPI', -1.88, 16.7, 'https://www.gpw.pl/komunikat?geru_id=456703&title=Komunikat+w+sprawie+daty+rejestracji+akcji+serii+J+w+KDPW', 6),
('05-12-2024 14:08:59', 'Zmiana na stanowisku Prezesa Zarządu Grupy KĘTY S.A. w roku 2025', 'Bieżący', 'ESPI', 0.98, 719, 'https://www.gpw.pl/komunikat?geru_id=456702&title=Zmiana+na+stanowisku+Prezesa+Zarz%C4%85du+Grupy+K%C4%98TY+S.A.+w+roku+2025', 6),
('05-12-2024 13:52:00', 'Nabycie przez spółkę zależną nieruchomości inwestycyjnej', 'Bieżący', 'ESPI', -2.82, 6.9, 'https://www.gpw.pl/komunikat?geru_id=456701&title=Nabycie+przez+sp%C3%B3%C5%82k%C4%99+zale%C5%BCn%C4%85+nieruchomo%C5%9Bci+inwestycyjnej', 6),
('05-12-2024 13:34:53', 'Notification from Donev Investments Holding AD in accordance with Regulation 596/2014 for transactions with shares of Sopharma AD', 'Bieżący', 'ESPI', 0, 13.75, 'https://www.gpw.pl/komunikat?geru_id=456700&title=Notification+from+Donev+Investments+Holding+AD+in+accordance+with+Regulation+596%2F2014+for+transactions+with+shares+of+Sopharma+AD', 6),
('05-12-2024 13:34:27', 'Zawiadomienie o transakcji w trybie art. 19 ust. 3 rozporządzenia MAR', 'Bieżący', 'ESPI', -0.45, 0.44, 'https://www.gpw.pl/komunikat?geru_id=456699&title=Zawiadomienie+o+transakcji+w+trybie+art.+19+ust.+3+rozporz%C4%85dzenia+MAR', 6),
('05-12-2024 13:33:37', 'Notification under Art. 19 (3) of Regulation (EU) ą 596/2014 of the European Parliament and of the Council of 16 April 2014', 'Bieżący', 'ESPI', 0, 2.3, 'https://www.gpw.pl/komunikat?geru_id=456698&title=Notification+under+Art.+19+3+of+Regulation+EU+%C4%85+596%2F2014+of+the+European+Parliament+and+of+the+Council+of+16+April+2014', 6),
('05-12-2024 13:23:18', 'Nabycie akcji przez osobę zarządzającą', 'Bieżący', 'ESPI', 1.05, 13.5, 'https://www.gpw.pl/komunikat?geru_id=456697&title=Nabycie+akcji+przez+osob%C4%99+zarz%C4%85dzaj%C4%85c%C4%85', 6),
('05-12-2024 13:19:13', 'Emisja obligacji', 'Bieżący', 'ESPI', 0.48, 211, 'https://www.gpw.pl/komunikat?geru_id=456696&title=Emisja+obligacji', 6),
('05-12-2024 13:09:08', 'Zawiadomienie o zmniejszeniu po stronie akcjonariusza ogólnej liczby akcji i głosów poniżej progu 90%', 'Bieżący', 'ESPI', 0, 10.4, 'https://www.gpw.pl/komunikat?geru_id=456695&title=Zawiadomienie+o+zmniejszeniu+po+stronie+akcjonariusza+og%C3%B3lnej+liczby+akcji+i+g%C5%82os%C3%B3w+poni%C5%BCej+progu+90%25', 6),
('05-12-2024 12:35:47', 'Zawarcie umowy na realizację w trybie \"zaprojektuj i wybuduj\" zadania pn.: \"Przebudowa kotłowni Rejonowej \"Pod Grapą\" dla potrzeb wysokosprawnej kogeneracji i nowych jednostek wytwórczych zasilanych gazem\" w województwie śląskim', 'Bieżący', 'ESPI', 0, 7.2, 'https://www.gpw.pl/komunikat?geru_id=456694&title=Zawarcie+umowy+na+realizacj%C4%99+w+trybie+%22zaprojektuj+i+wybuduj%22+zadania+pn.%3A+%22Przebudowa+kot%C5%82owni+Rejonowej+%22Pod+Grap%C4%85%22+dla+potrzeb+wysokosprawnej+kogeneracji+i+nowych+jednostek+wytw%C3%B3rczych+zasilanych+gazem%22+w+wojew%C3%B3dztwie+%C5%9Bl%C4%85skim', 6),
('05-12-2024 11:50:22', 'Rejestracja zmiany statutu oraz podwyższenia kapitału zakładowego Spółki', 'Bieżący', 'ESPI', 0, 10.4, 'https://www.gpw.pl/komunikat?geru_id=456693&title=Rejestracja+zmiany+statutu+oraz+podwy%C5%BCszenia+kapita%C5%82u+zak%C5%82adowego+Sp%C3%B3%C5%82ki', 6),
('05-12-2024 11:09:37', 'Ustalenie daty pierwszego notowania obligacji serii AP2 w obrocie na rynku oficjalnych notowań', 'Bieżący', 'ESPI', 1.29, 440.4, 'https://www.gpw.pl/komunikat?geru_id=456690&title=Ustalenie+daty+pierwszego+notowania+obligacji+serii+AP2+w+obrocie+na+rynku+oficjalnych+notowa%C5%84', 6);

-- --------------------------------------------------------

--
-- Struktura tabeli dla tabeli `firma`
--

CREATE TABLE `firma` (
  `id_firmy` int(11) NOT NULL,
  `nazwa` text DEFAULT NULL
) ENGINE=InnoDB DEFAULT CHARSET=utf8mb4 COLLATE=utf8mb4_general_ci;

--
-- Dumping data for table `firma`
--

INSERT INTO `firma` (`id_firmy`, `nazwa`) VALUES
(1, 'Grupa azoty'),
(3, 'asseco'),
(4, 'ab inter rao lietuva'),
(5, 'grupa kęty'),
(6, ''),
(7, 'wittchen'),
(8, 'assco');

-- --------------------------------------------------------

--
-- Struktura tabeli dla tabeli `historia`
--

CREATE TABLE `historia` (
  `id` int(11) NOT NULL,
  `company_name` text DEFAULT NULL,
  `report_amount` int(11) DEFAULT NULL,
  `download_type` text DEFAULT NULL,
  `report_date` date DEFAULT NULL,
  `report_type` text DEFAULT NULL,
  `report_category` text DEFAULT NULL
) ENGINE=InnoDB DEFAULT CHARSET=utf8mb4 COLLATE=utf8mb4_general_ci;

--
-- Dumping data for table `historia`
--

INSERT INTO `historia` (`id`, `company_name`, `report_amount`, `download_type`, `report_date`, `report_type`, `report_category`) VALUES
(1, 'asseco', 20, 'PDF HTML', NULL, 'current semi-annual quarterly interim annual', 'EBI ESPI'),
(2, 'assco', 20, 'HTML', '2024-12-04', 'current quarterly', 'EBI'),
(3, 'wittchen', 30, 'HTML PDF', '2024-12-04', 'current quarterly semi-annual annual interim', 'EBI ESPI'),
(4, 'wittchen', 39, 'HTML PDF', NULL, 'current quarterly semi-annual annual interim', 'EBI ESPI'),
(5, 'grupa kęty', 8, 'HTML PDF', NULL, 'current quarterly semi-annual annual interim', 'EBI ESPI'),
(6, '', 20, '', NULL, 'current semi-annual quarterly interim annual', 'EBI ESPI');

--
-- Indeksy dla zrzutów tabel
--

--
-- Indeksy dla tabeli `dane`
--
ALTER TABLE `dane`
  ADD KEY `Id_firmy` (`Id_firmy`);

--
-- Indeksy dla tabeli `firma`
--
ALTER TABLE `firma`
  ADD PRIMARY KEY (`id_firmy`),
  ADD UNIQUE KEY `firma` (`nazwa`) USING HASH;

--
-- Indeksy dla tabeli `historia`
--
ALTER TABLE `historia`
  ADD PRIMARY KEY (`id`);

--
-- AUTO_INCREMENT for dumped tables
--

--
-- AUTO_INCREMENT for table `firma`
--
ALTER TABLE `firma`
  MODIFY `id_firmy` int(11) NOT NULL AUTO_INCREMENT, AUTO_INCREMENT=9;

--
-- AUTO_INCREMENT for table `historia`
--
ALTER TABLE `historia`
  MODIFY `id` int(11) NOT NULL AUTO_INCREMENT, AUTO_INCREMENT=7;

--
-- Constraints for dumped tables
--

--
-- Constraints for table `dane`
--
ALTER TABLE `dane`
  ADD CONSTRAINT `dane_ibfk_1` FOREIGN KEY (`Id_firmy`) REFERENCES `firma` (`id_firmy`);
COMMIT;

/*!40101 SET CHARACTER_SET_CLIENT=@OLD_CHARACTER_SET_CLIENT */;
/*!40101 SET CHARACTER_SET_RESULTS=@OLD_CHARACTER_SET_RESULTS */;
/*!40101 SET COLLATION_CONNECTION=@OLD_COLLATION_CONNECTION */;
